# ************************************************************
# Sequel Ace SQL dump
# Version 3008
#
# https://sequel-ace.com/
# https://github.com/Sequel-Ace/Sequel-Ace
#
# Host: love-never-stray.cl3dnpesze6j.us-east-2.rds.amazonaws.com (MySQL 8.0.21)
# Database: YouBike
# Generation Time: 2020-12-30 15:52:27 +0000
# ************************************************************


/*!40101 SET @OLD_CHARACTER_SET_CLIENT=@@CHARACTER_SET_CLIENT */;
/*!40101 SET @OLD_CHARACTER_SET_RESULTS=@@CHARACTER_SET_RESULTS */;
/*!40101 SET @OLD_COLLATION_CONNECTION=@@COLLATION_CONNECTION */;
/*!40101 SET NAMES utf8 */;
SET NAMES utf8mb4;
/*!40014 SET @OLD_FOREIGN_KEY_CHECKS=@@FOREIGN_KEY_CHECKS, FOREIGN_KEY_CHECKS=0 */;
/*!40101 SET @OLD_SQL_MODE=@@SQL_MODE, SQL_MODE='NO_AUTO_VALUE_ON_ZERO' */;
/*!40111 SET @OLD_SQL_NOTES=@@SQL_NOTES, SQL_NOTES=0 */;


# Dump of table Comments
# ------------------------------------------------------------

DROP TABLE IF EXISTS `Comments`;

CREATE TABLE `Comments` (
  `id` int NOT NULL AUTO_INCREMENT,
  `site_id` int NOT NULL COMMENT '場站代碼',
  `uid` int NOT NULL COMMENT '評論者代碼',
  `comment` varchar(256) NOT NULL COMMENT '對場站的評論',
  `createdAt` datetime NOT NULL,
  `updatedAt` datetime NOT NULL,
  PRIMARY KEY (`id`),
  KEY `site_id` (`site_id`),
  KEY `uid` (`uid`),
  CONSTRAINT `Comments_ibfk_1` FOREIGN KEY (`site_id`) REFERENCES `YouBikes` (`id`) ON DELETE CASCADE ON UPDATE CASCADE,
  CONSTRAINT `Comments_ibfk_2` FOREIGN KEY (`uid`) REFERENCES `Users` (`id`) ON DELETE CASCADE ON UPDATE CASCADE
) ENGINE=InnoDB DEFAULT CHARSET=utf8mb4 COLLATE=utf8mb4_0900_ai_ci;

LOCK TABLES `Comments` WRITE;
/*!40000 ALTER TABLE `Comments` DISABLE KEYS */;

INSERT INTO `Comments` (`id`, `site_id`, `uid`, `comment`, `createdAt`, `updatedAt`)
VALUES
	(1,1,1,'test18','2020-12-30 16:34:17','2020-12-30 17:31:43'),
	(2,1,1,'測試修改','2020-12-30 16:35:03','2020-12-30 17:33:25'),
	(3,17,1,'test17','2020-12-30 16:36:17','2020-12-30 16:36:17'),
	(4,17,1,'測試','2020-12-30 17:42:00','2020-12-30 17:42:00'),
	(5,17,1,'測試','2020-12-30 17:42:03','2020-12-30 17:42:03'),
	(6,17,1,'測試','2020-12-30 17:42:04','2020-12-30 17:42:04'),
	(8,17,1,'測試','2020-12-30 17:42:06','2020-12-30 17:42:06'),
	(9,20,1,'測試','2020-12-30 19:07:14','2020-12-30 19:07:14'),
	(10,20,1,'測試摁','2020-12-30 19:07:32','2020-12-30 19:07:32'),
	(11,20,1,'測試摁','2020-12-30 19:07:33','2020-12-30 19:07:33'),
	(12,21,1,'測試摁','2020-12-30 19:07:37','2020-12-30 19:07:37'),
	(13,88,1,'測試摁','2020-12-30 19:07:41','2020-12-30 19:07:41'),
	(14,90,1,'測試摁','2020-12-30 19:07:45','2020-12-30 19:07:45'),
	(15,99,1,'測試摁','2020-12-30 19:54:05','2020-12-30 19:54:05'),
	(16,99,1,'測試摁','2020-12-30 19:54:07','2020-12-30 19:54:07'),
	(17,123,1,'測試摁','2020-12-30 19:54:16','2020-12-30 19:54:16'),
	(18,123,1,'測試摁','2020-12-30 19:59:26','2020-12-30 19:59:26');

/*!40000 ALTER TABLE `Comments` ENABLE KEYS */;
UNLOCK TABLES;


# Dump of table Regions
# ------------------------------------------------------------

DROP TABLE IF EXISTS `Regions`;

CREATE TABLE `Regions` (
  `id` int NOT NULL COMMENT '所屬區域代碼',
  `name` varchar(8) NOT NULL COMMENT '中文場站區域(sarea)',
  `name_en` varchar(64) NOT NULL COMMENT '英文場站區域(sareaen)',
  PRIMARY KEY (`id`),
  CONSTRAINT `Regions_ibfk_1` FOREIGN KEY (`id`) REFERENCES `YouBikes` (`region_id`) ON DELETE CASCADE ON UPDATE CASCADE
) ENGINE=InnoDB DEFAULT CHARSET=utf8mb4 COLLATE=utf8mb4_0900_ai_ci;

LOCK TABLES `Regions` WRITE;
/*!40000 ALTER TABLE `Regions` DISABLE KEYS */;

INSERT INTO `Regions` (`id`, `name`, `name_en`)
VALUES
	(1,'信義區','Xinyi Dist.'),
	(2,'大安區','Daan Dist.'),
	(3,'松山區','Songshan Dist.'),
	(4,'南港區','Nangang Dist.'),
	(5,'中山區','Zhongshan Dist.'),
	(6,'中正區','Zhongzheng Dist.'),
	(7,'文山區','Wenshan Dist.'),
	(8,'萬華區','Wanhua Dist.'),
	(9,'大同區','Datong Dist.'),
	(10,'內湖區','Neihu Dist.'),
	(11,'北投區','Beitou Dist.'),
	(12,'士林區','Shilin Dist.');

/*!40000 ALTER TABLE `Regions` ENABLE KEYS */;
UNLOCK TABLES;


# Dump of table Users
# ------------------------------------------------------------

DROP TABLE IF EXISTS `Users`;

CREATE TABLE `Users` (
  `id` int NOT NULL AUTO_INCREMENT COMMENT '使用者編號',
  `name` varchar(16) NOT NULL COMMENT '使用者姓名',
  `email` varchar(64) NOT NULL COMMENT '使用者帳號',
  `password` varchar(72) NOT NULL COMMENT '使用者加鹽後的密碼',
  `token` varchar(64) DEFAULT NULL COMMENT '使用者 token',
  `token_expired` datetime DEFAULT NULL COMMENT 'token 過期時間',
  `createdAt` datetime NOT NULL,
  `updatedAt` datetime NOT NULL,
  PRIMARY KEY (`id`),
  KEY `users_email` (`email`),
  KEY `users_token` (`token`)
) ENGINE=InnoDB DEFAULT CHARSET=utf8mb4 COLLATE=utf8mb4_0900_ai_ci;

LOCK TABLES `Users` WRITE;
/*!40000 ALTER TABLE `Users` DISABLE KEYS */;

INSERT INTO `Users` (`id`, `name`, `email`, `password`, `token`, `token_expired`, `createdAt`, `updatedAt`)
VALUES
	(1,'test','test@gmail.com','$2b$10$KlazWTnojWQm9QNgjQrRlOrsxZ.yX8YOR9x6DSf.R6bbR1LKLr1ja','4ea273929b4f29a245132a6a031afa0182507b989e8571af329b3ddc9d03517c','2020-12-30 20:06:55','2020-12-30 12:28:02','2020-12-30 19:06:57');

/*!40000 ALTER TABLE `Users` ENABLE KEYS */;
UNLOCK TABLES;


# Dump of table YouBikes
# ------------------------------------------------------------

DROP TABLE IF EXISTS `YouBikes`;

CREATE TABLE `YouBikes` (
  `id` int NOT NULL COMMENT '站點代號(sno)',
  `name` varchar(16) NOT NULL COMMENT '中文場站名稱(sna)',
  `name_en` varchar(64) NOT NULL COMMENT '英文場站名稱(snaen)',
  `parking_num` int NOT NULL COMMENT '場站總停車格(tot)',
  `available_num` int NOT NULL COMMENT '可借車位數(sbi)',
  `region_id` int NOT NULL COMMENT '所屬的區域代碼(sarea, sareaen)',
  `mday` datetime DEFAULT NULL COMMENT '來源資料的更新時間',
  `lat` decimal(10,8) DEFAULT NULL COMMENT '緯度',
  `lng` decimal(11,8) DEFAULT NULL COMMENT '經度',
  `address` varchar(64) NOT NULL COMMENT '中文地址(ar)',
  `address_en` varchar(128) NOT NULL COMMENT '英文地址(aren)',
  `vacant` int NOT NULL COMMENT '可還空位數(bemp)',
  `act` tinyint(1) NOT NULL COMMENT '場站是否暫停營運(act)',
  `createdAt` datetime NOT NULL,
  `updatedAt` datetime NOT NULL,
  PRIMARY KEY (`id`),
  KEY `you_bikes_region_id` (`region_id`),
  KEY `you_bikes_available_num` (`available_num`)
) ENGINE=InnoDB DEFAULT CHARSET=utf8mb4 COLLATE=utf8mb4_0900_ai_ci;

LOCK TABLES `YouBikes` WRITE;
/*!40000 ALTER TABLE `YouBikes` DISABLE KEYS */;

INSERT INTO `YouBikes` (`id`, `name`, `name_en`, `parking_num`, `available_num`, `region_id`, `mday`, `lat`, `lng`, `address`, `address_en`, `vacant`, `act`, `createdAt`, `updatedAt`)
VALUES
	(1,'捷運市政府站(3號出口)','Xinyi Dist.',180,12,1,'2020-12-31 07:50:45',25.04085789,121.56790444,'忠孝東路/松仁路(東南側)','The S.W. side of Road Zhongxiao East Road & Road Chung Yan.',165,1,'2020-12-30 20:58:00','2020-12-30 23:52:01'),
	(2,'捷運國父紀念館站(2號出口)','Daan Dist.',48,12,2,'2020-12-31 07:50:39',25.04125400,121.55742000,'忠孝東路四段/光復南路口(西南側)','Sec,4. Zhongxiao E.Rd/GuangFu S. Rd',33,1,'2020-12-30 20:58:02','2020-12-30 23:52:01'),
	(3,'台北市政府','Xinyi Dist.',40,1,1,'2020-12-31 07:50:44',25.03779722,121.56516944,'台北市政府東門(松智路) (鄰近信義商圈/台北探索館)','Taipei City Government Eastgate (Song Zhi Road)',39,1,'2020-12-30 20:58:03','2020-12-30 23:52:01'),
	(4,'市民廣場','Xinyi Dist.',60,14,1,'2020-12-31 07:50:26',25.03603611,121.56232500,'市府路/松壽路(西北側)(鄰近台北101/台北世界貿易中心/台北探索館)','The N.W. side of Road Shifu & Road Song Shou.',44,1,'2020-12-30 20:58:03','2020-12-30 23:52:01'),
	(5,'興雅國中','Xinyi Dist.',60,1,1,'2020-12-31 07:50:28',25.03656389,121.56866390,'松仁路/松仁路95巷(東南側)(鄰近信義商圈/台北信義威秀影城)','The S.E. side of Road Songren & Ln. 95, Songren Rd..',59,1,'2020-12-30 20:58:03','2020-12-30 23:52:01'),
	(6,'臺北南山廣場','Xinyi Dist.',80,12,1,'2020-12-31 07:50:15',25.03404700,121.56597300,'松智路/松廉路(東北側) (鄰近台北101/信義商圈/台北信義威秀影城)','The N.E. side of Road Song Zhi & Road Song Lian.',65,1,'2020-12-30 20:58:03','2020-12-30 23:52:01'),
	(7,'信義廣場(台北101)','Xinyi Dist.',80,7,1,'2020-12-31 07:50:28',25.03303889,121.56561944,'松智路/信義路(東北側) (鄰近台北101)','The N.E. side of Road Song Zhi & Road Xinyi.',71,1,'2020-12-30 20:58:03','2020-12-30 23:52:01'),
	(8,'世貿三館','Xinyi Dist.',60,2,1,'2020-12-31 07:50:16',25.03521389,121.56368889,'市府路/松壽路(東南側) (鄰近台北101/台北世界貿易中心/台北探索館)','The S.E. side of Road Shifu & Road Song Shou.',58,1,'2020-12-30 20:58:04','2020-12-30 23:52:01'),
	(9,'松德站','Xinyi Dist.',40,13,1,'2020-12-31 07:50:31',25.03178500,121.57448000,'台北市信義區松德路300號','No.300, Songde Rd.(32)',27,1,'2020-12-30 20:58:04','2020-12-30 23:52:01'),
	(10,'台北市災害應變中心','Xinyi Dist.',54,17,1,'2020-12-31 07:50:24',25.02866111,121.56611667,'台北市信義區莊敬路391巷11弄2號','No.2, Aly. 11, Ln. 391, Zhuangjing Rd.',36,1,'2020-12-30 20:58:04','2020-12-30 23:52:01'),
	(11,'三張犁','Xinyi Dist.',50,12,1,'2020-12-31 07:50:18',25.03493700,121.55762000,'光復南路/基隆路一段364巷(鄰近大安親子館)','The S.E. side of Road Guangfu South & Ln. 346, Sec. 1, Keelung Rd.',37,1,'2020-12-30 20:58:04','2020-12-30 23:52:01'),
	(12,'臺北醫學大學','Xinyi Dist.',48,2,1,'2020-12-31 07:50:39',25.02667900,121.56174700,'台北醫學大學(吳興街220巷59弄)(鄰近台北醫學大學)','Aly. 59, Ln. 220, Wuxing St.',45,1,'2020-12-30 20:58:04','2020-12-30 23:52:01'),
	(13,'福德公園','Xinyi Dist.',58,27,1,'2020-12-31 07:50:37',25.03809000,121.58367000,'大道路/福德街路口北西側','The N.W. side of Road Dadao & St. Fude.',27,1,'2020-12-30 20:58:05','2020-12-30 23:52:01'),
	(14,'榮星花園','Zhongshan Dist.',32,15,5,'2020-12-31 07:50:29',25.06424000,121.54037000,'五常街/龍江路口(西南側)(鄰近榮星公園(原榮星花園))','The S.W. side of St.Wuchang & Road Longjiang.',17,1,'2020-12-30 20:58:05','2020-12-30 23:52:01'),
	(16,'松山家商','Xinyi Dist.',48,8,1,'2020-12-31 07:49:22',25.03608400,121.57913500,'林口街/福德街(東南側)','The S.E. side of St. Linkou & St. Fude.',40,1,'2020-12-30 20:58:06','2020-12-30 23:52:01'),
	(17,'民生光復路口','Songshan Dist.',34,13,3,'2020-12-31 07:50:38',25.05862000,121.55514000,'光復北路/民生東路(西北側)','The N.W. side of Road Guangfu S & Road Minsheng E.',21,1,'2020-12-30 20:58:06','2020-12-30 23:52:01'),
	(18,'臺北市藝文推廣處','Songshan Dist.',40,4,3,'2020-12-31 07:50:27',25.04940800,121.55261000,'北寧路34號 對側(鄰近台北田徑場)','No.25, Sec. 3, Bade Rd.',36,1,'2020-12-30 20:58:06','2020-12-30 23:52:01'),
	(19,'象山公園','Xinyi Dist.',30,3,1,'2020-12-31 07:50:36',25.02863000,121.56981000,'松仁路153巷17號對面(鄰近象山步道)','No.17, Ln. 153, Songren Rd',26,1,'2020-12-30 20:58:06','2020-12-30 23:52:01'),
	(20,'捷運科技大樓站','Daan Dist.',58,51,2,'2020-12-31 07:50:41',25.02589600,121.54329300,'科技大樓站對面(復興南路2段西側)(鄰近資訊科學展示中心)','No.235, Sec. 2, Fusing S. Rd.',7,1,'2020-12-30 20:58:06','2020-12-30 23:52:01'),
	(21,'民生敦化路口','Songshan Dist.',66,12,3,'2020-12-31 07:50:30',25.05798500,121.54898200,'敦化民生路口公車站旁','The side of bus stop- Dunhua Minsheng Intersection.',52,1,'2020-12-30 20:58:07','2020-12-30 23:52:01'),
	(22,'松山車站','Xinyi Dist.',44,4,1,'2020-12-31 07:50:39',25.04882400,121.57845000,'松山車站西出口外自行車格內(鄰近饒河街夜市/五分埔)','Bicycle parking lot- West exit in Songshan station',39,1,'2020-12-30 20:58:07','2020-12-30 23:52:01'),
	(23,'東新國小','Nangang Dist.',32,26,4,'2020-12-31 07:50:34',25.05507400,121.60279800,'東新國小側門(東明街62號前)','A side entrance of Dongxin Elementery School(front of No. 62, Dongxin St.)',6,1,'2020-12-30 20:58:07','2020-12-30 23:52:01'),
	(24,'信義建國路口','Daan Dist.',46,10,2,'2020-12-31 07:50:25',25.03293000,121.53747000,'信義路三段/建國南路二段(西南側)(鄰近大安森林公園)','The N.S. side of Lianyun St. & Sec. 2, Xinyi Rd.',34,1,'2020-12-30 20:58:07','2020-12-30 23:52:01'),
	(25,'永吉松信路口','Xinyi Dist.',30,9,1,'2020-12-31 07:50:43',25.04543000,121.57205000,'松信路/永吉路南西側人行道','The sidewalk- the S.W. side of Songxin Rd. & Yongji Rd.',20,1,'2020-12-30 20:58:08','2020-12-30 23:52:01'),
	(26,'捷運昆陽站(1號出口)','Nangang Dist.',72,3,4,'2020-12-31 07:50:39',25.05014200,121.59237500,'捷運昆陽站1號出口外停車場旁','The side of parking lots in the MRT Kunyang station (exit 1)',69,1,'2020-12-30 20:58:08','2020-12-30 23:52:01'),
	(27,'捷運南港展覽館站(5號出口)','Nangang Dist.',38,19,4,'2020-12-31 07:50:28',25.05469000,121.61669000,'捷運南港展覽館站（5號出口）南側','The N.E side of Academia Rd. & Shihmin Blvd.',19,1,'2020-12-30 20:58:08','2020-12-30 23:52:01'),
	(28,'五常公園','Xinyi Dist.',32,17,1,'2020-12-31 07:50:21',25.04814000,121.57467000,'松隆路/虎林街30巷口(西南側)','The S.W side of Songlong Rd. & Hulin St.',15,1,'2020-12-30 20:58:08','2020-12-30 23:52:01'),
	(29,'金山愛國路口','Daan Dist.',54,7,2,'2020-12-31 07:50:19',25.03164000,121.52655000,'愛國東路/金山南路(西南側)','The S.W side of Aiguo St. & Jinshan Rd.',43,1,'2020-12-30 20:58:08','2020-12-30 23:52:01'),
	(30,'基隆長興路口','Daan Dist.',74,12,2,'2020-12-31 07:50:30',25.01705400,121.54435200,'基隆路/長興街(東南側)','The S.W side of Keelung Rd. & Changsing St.',62,1,'2020-12-30 20:58:09','2020-12-30 23:52:01'),
	(31,'辛亥新生路口','Daan Dist.',30,0,2,'2020-12-31 07:50:27',25.02241300,121.53456000,'辛亥路/新生南路(高架橋下)','Under the bridge- Sinhai Rd. & Shinsheng S. Rd.',30,1,'2020-12-30 20:58:09','2020-12-30 23:52:01'),
	(32,'捷運六張犁站','Daan Dist.',38,0,2,'2020-12-31 07:50:28',25.02388400,121.55316100,'捷運出口外和平東路側','The outside of the MRT exit and the side of Heping E. Rd.',38,1,'2020-12-30 20:58:09','2020-12-30 23:52:01'),
	(33,'中崙高中','Songshan Dist.',46,21,3,'2020-12-31 07:50:21',25.04878000,121.56087000,'八德路四段91巷(中崙高中)旁(鄰近京華城/中保寶貝城(BabyBoss City))','The side of Ln. 91, Sec. 4, Bade Rd. ( beside Zhong-Lun High School)',25,1,'2020-12-30 20:58:09','2020-12-30 23:52:01'),
	(34,'捷運行天宮站(1號出口)','Zhongshan Dist.',32,14,5,'2020-12-31 07:50:44',25.05836900,121.53293400,'捷運行天宮1號出口後方(松江路側)','The side of Songjiang Rd.(the exit 1 of the MRT station of Xingtian Temple)',18,1,'2020-12-30 20:58:09','2020-12-30 23:52:01'),
	(35,'捷運行天宮站(3號出口)','Zhongshan Dist.',30,8,5,'2020-12-31 07:50:35',25.05997800,121.53330200,'捷運行天宮站3號出口站外','The outside of the MRT station of Xingtian Temple.',20,1,'2020-12-30 20:58:10','2020-12-30 23:52:01'),
	(36,'臺大資訊大樓','Daan Dist.',72,8,2,'2020-12-31 07:50:19',25.02101000,121.54153000,'辛亥路二段(臺大外語學院外)','Sec. 2, Xinghai Rd. (the outside ofLanguage Center of National Taiwan University)',62,1,'2020-12-30 20:58:10','2020-12-30 23:52:01'),
	(37,'捷運東門站(4號出口)','Daan Dist.',46,18,2,'2020-12-31 07:50:19',25.03370000,121.52898800,'信義路/麗水街口(鄰近永康街)','Ren’ai Rd. & Lishuei St. ',26,1,'2020-12-30 20:58:10','2020-12-30 23:52:01'),
	(38,'臺灣師範大學(圖書館)','Daan Dist.',32,3,2,'2020-12-31 07:50:21',25.02660300,121.52944000,'和平東路/師大路口(北側)(鄰近臺灣師範大學)','The N. side of Heping E. Rd. & Shihda Rd.',29,1,'2020-12-30 20:58:10','2020-12-30 23:52:01'),
	(39,'南港世貿公園','Nangang Dist.',26,8,4,'2020-12-31 07:50:17',25.05800000,121.61422000,'三重路/經貿二路88巷(東北側)','The N.E. side of Sanchong Rd. & Ln. 88, Jingmao 2nd Rd.',17,1,'2020-12-30 20:58:10','2020-12-30 23:52:01'),
	(40,'玉成公園','Nangang Dist.',34,18,4,'2020-12-31 07:50:26',25.04287000,121.58640000,'玉成街247號前','The front of No. 247, Yucheng St.',15,1,'2020-12-30 20:58:11','2020-12-30 23:52:01'),
	(41,'中研公園','Nangang Dist.',30,6,4,'2020-12-31 07:50:39',25.04742500,121.61370600,'研究院路二段12巷/研究院路二段12巷58弄(西南側)','The S.W side of Ln. 12, Sec. 2, Academia Rd. & Aly. 58, Ln. 12, Sec. 2, Academia Rd.',23,1,'2020-12-30 20:58:11','2020-12-30 23:52:01'),
	(42,'捷運後山埤站(1號出口)','Xinyi Dist.',38,2,1,'2020-12-31 07:50:29',25.04431000,121.58174000,'中坡北路/忠孝東路五段(西北側)','The S.W side of Jhongsiao E. Rd. & Jhongpo N. Rd.',35,1,'2020-12-30 20:58:11','2020-12-30 23:52:01'),
	(43,'凌雲市場','Nangang Dist.',30,21,4,'2020-12-31 07:50:19',25.03563900,121.61415400,'研究院路三段68巷/凌雲街(東北側)','The N.E. side of St. Lingyun & Academia Rd.',9,1,'2020-12-30 20:58:11','2020-12-30 23:52:02'),
	(44,'捷運南港軟體園區站(2號出口)','Nangang Dist.',36,7,4,'2020-12-31 07:50:31',25.05973000,121.61618700,'捷運南港軟體園區站2號出口外','The outside of the MRT station exit 2 of Taipei Nangang Exhibition Center',28,1,'2020-12-30 20:58:11','2020-12-30 23:52:02'),
	(45,'捷運公館站(2號出口)','Daan Dist.',30,28,2,'2020-12-31 07:50:39',25.01476000,121.53453800,'羅斯福路四段/舟山路(東北側)(鄰近公館夜市)','The N.W. side of Roosevelt Rd.& Sinhai Rd.',2,1,'2020-12-30 20:58:12','2020-12-30 23:52:02'),
	(46,'南港國小','Nangang Dist.',58,0,4,'2020-12-31 07:50:35',25.05650400,121.61138900,'惠民街/興東街(南側停車場)','The opposite of parking lots of exit Singdong St. (Nan-Gang Elementary School)',57,1,'2020-12-30 20:58:12','2020-12-30 23:52:02'),
	(47,'捷運忠孝新生站(4號出口)','Daan Dist.',34,0,2,'2020-11-02 22:55:12',25.04227500,121.53393900,'忠孝東路三段 / 新生南路一段口 東北側(鄰近國立台北科技大學)','The intersection of Sec. 3, Zhongxiao E. Rd. & Ln. 10, Sec. 3, Zhongxiao E. Rd.',0,0,'2020-12-30 20:58:12','2020-12-30 23:52:02'),
	(48,'南港車站(忠孝東路)','Nangang Dist.',38,21,4,'2020-12-31 07:50:38',25.05247000,121.60820200,'忠孝東路七段與忠孝東路七段415巷交叉口(鄰近南港高鐵站)','The intersection of Sec. 7, Zhongxiao E. Rd. & Ln. 415, Sec. 7, Zhongxiao E. Rd',16,1,'2020-12-30 20:58:12','2020-12-30 23:52:02'),
	(49,'龍門廣場','Daan Dist.',52,10,2,'2020-12-31 07:50:34',25.04090100,121.54825200,'忠孝東路/敦化南路(西南側廣場）(鄰近東區地下街)','Sec. 1, Dunhua S. Rd. & Ln. 236, Sec. 1, Dunhua S. Rd.',41,1,'2020-12-30 20:58:12','2020-12-30 23:52:02'),
	(50,'民權運動公園','Songshan Dist.',52,17,3,'2020-12-31 07:50:17',25.06200200,121.56018600,'民權東路四段/新中街交叉口','The intersection of Sec. 4, Mincyuan E. Rd. & Xinzhong St.',34,1,'2020-12-30 20:58:13','2020-12-30 23:52:02'),
	(51,'建國農安街口','Zhongshan Dist.',44,19,5,'2020-12-31 07:49:32',25.06503100,121.53677500,'建國北路/農安街口(中油旁邊空地)(鄰近榮星公園(原榮星花園))','(Behind empty area of CPC coporation) Jianguo N. Rd. & Nong’an St.',24,1,'2020-12-30 20:58:13','2020-12-30 23:52:02'),
	(52,'建國長春路口','Zhongshan Dist.',30,9,5,'2020-12-31 07:50:21',25.05476100,121.53692500,'建國北路/長春路口(北側)','The N. side of Jianguo N. Rd. & Changchun Rd.',21,1,'2020-12-30 20:58:13','2020-12-30 23:52:02'),
	(53,'八德市場','Zhongshan Dist.',26,17,5,'2020-12-31 07:50:18',25.04478100,121.53660900,'建國南路一段/市民大道交叉口(北側) (鄰近國立台北科技大學)','The intersection of Sec.1, Jianguo S. Rd. & Civic Blvd.',8,1,'2020-12-30 20:58:13','2020-12-30 23:52:02'),
	(54,'臺北市立圖書館(總館)','Daan Dist.',30,11,2,'2020-12-31 07:50:25',25.02879800,121.53807300,'建國南路二段/建國南路二段151巷(東北側)','The N.E. side of Sec. 2, Jianguo S. Rd. & Ln. 151, Sec. 2, Jianguo S. Rd.',15,1,'2020-12-30 20:58:13','2020-12-30 23:52:02'),
	(55,'臺北田徑場','Songshan Dist.',46,13,3,'2020-12-31 07:50:26',25.04950500,121.54940800,'敦化北路3號(鄰近臺北小巨蛋/台北田徑場)','No.3, Dunhua N. Rd.',32,1,'2020-12-30 20:58:14','2020-12-30 23:52:02'),
	(56,'仁愛林森路口','Zhongzheng Dist.',42,11,6,'2020-12-31 07:50:36',25.03895400,121.52233400,'林森南路/仁愛路一段路口(東北側)(鄰近臺北市青少年發展處/中正親子館)','The N.E. side of Linsen S. Rd & Sec. 1, Ren’ai Rd.(42)',31,1,'2020-12-30 20:58:14','2020-12-30 23:52:02'),
	(57,'新生和平路口','Daan Dist.',46,25,2,'2020-12-31 07:50:17',25.02621700,121.53519000,'新生南路二段/和平東路二段(東北側)','The N.E. side of Sec. 2, Xinsheng S. Rd. & Sec. 2, Heping E. Rd',21,1,'2020-12-30 20:58:14','2020-12-30 23:52:02'),
	(58,'捷運善導寺站(1號出口)','Zhongzheng Dist.',36,23,6,'2020-12-31 07:50:31',25.04526700,121.52220000,'天津街/忠孝東路一段(東北側)(鄰近台北國際藝術村/蝴蝶宮昆蟲博物館/台北希望廣場)','The N.E. side of Tianjin St. & Sec. 1, Zhongxiao E. Rd.',11,1,'2020-12-30 20:58:14','2020-12-30 23:52:02'),
	(59,'林森公園','Zhongshan Dist.',32,22,5,'2020-12-31 07:50:18',25.05222700,121.52580500,'林森北路/南京東路一段(鄰近林森公園/康樂公園)','Linsen N. Rd. & Sec. 1, Nanjing E. Rd.',8,1,'2020-12-30 20:58:14','2020-12-30 23:52:02'),
	(60,'中山行政中心','Zhongshan Dist.',30,11,5,'2020-12-31 07:50:37',25.06431700,121.53348700,'松江路/農安街口(鄰近行天宮)','Songjiang Rd. & Nong’an St.',19,1,'2020-12-30 20:58:15','2020-12-30 23:52:02'),
	(61,'台灣科技大學','Daan Dist.',86,13,2,'2020-12-31 07:50:45',25.01310000,121.53972300,'基隆路四段/基隆路四段73巷交叉口(鄰近國立台灣科技大學)','The intersection of Sec. 4, Keelung Rd. & Ln. 73, Sec. 4, Keelung Rd',70,1,'2020-12-30 20:58:15','2020-12-30 23:52:02'),
	(62,'南昌公園','Zhongzheng Dist.',34,3,6,'2020-12-31 07:50:17',25.02682700,121.52025800,'和平西路一段/南昌路','Sec. 1, Heping W. Rd.& Nanchang Rd.',31,1,'2020-12-30 20:58:15','2020-12-30 23:52:02'),
	(63,'仁愛醫院','Daan Dist.',36,2,2,'2020-12-31 07:50:33',25.03756900,121.54563200,'大安路一段/仁愛路四段','Da’an Rd. & Sec. 4, Sinyi Rd.',32,1,'2020-12-30 20:58:16','2020-12-30 23:52:02'),
	(64,'國家圖書館','Zhongzheng Dist.',50,13,6,'2020-12-31 07:50:16',25.03777300,121.51702900,'中山南路/貴陽街口(西南側)(鄰近台北賓館)','The S.W. side of Zhongshan S. Rd. & Guiyang St.',37,1,'2020-12-30 20:58:16','2020-12-30 23:52:02'),
	(65,'青年公園3號出口','Wanhua Dist.',38,11,8,'2020-12-31 07:50:25',25.02272500,121.50270800,'青年路/青年路106巷(東側)(鄰近青年公園)','The E. side of Qingnian Rd. & Ln. 106, Qingnian Rd.',27,1,'2020-12-30 20:58:17','2020-12-30 23:52:02'),
	(66,'師範大學公館校區','Wenshan Dist.',42,17,7,'2020-12-31 07:50:33',25.00752800,121.53718800,'師大公館校區校門口(汀州路側)','The side of Tingzhou Rd. (National Taiwan Normal University- Gongguan Campus)',25,1,'2020-12-30 20:58:18','2020-12-30 23:52:02'),
	(67,'捷運臺大醫院(4號出口)','Zhongzheng Dist.',48,24,6,'2020-12-31 07:50:40',25.04297300,121.51642800,'公園路/襄陽路(西南側)(鄰近二二八和平紀念公園/國立臺灣博物館/台北賓館)','The S.W. side of Gongyuan Rd. & Siangyang Rd.',21,1,'2020-12-30 20:58:19','2020-12-30 23:52:02'),
	(68,'國興青年路口','Wanhua Dist.',36,10,8,'2020-12-31 07:50:41',25.02586500,121.50653600,'國興路/青年路(西南側)(鄰近萬華親子館)','The S.W. side of Guoxing Rd. & Qingnian Rd.',26,1,'2020-12-30 20:58:19','2020-12-30 23:52:02'),
	(69,'興豐公園','Wenshan Dist.',34,15,7,'2020-12-31 07:50:16',24.99983700,121.54777800,'興隆路二段123巷/興隆路二段(西北側)','The N.W. side of Ln. 123, Sec. 2, Xinglong Rd. & Sec. 2, Xinglong Rd.',13,1,'2020-12-30 20:58:19','2020-12-30 23:52:02'),
	(70,'捷運台北101/世貿站','Xinyi Dist.',52,3,1,'2020-12-31 07:50:39',25.03275200,121.56164500,'莊敬路/信義路五段(東南側)(鄰近台北世界貿易中心(世貿)/台北國際會議中心/信義公民會館(四四南村)/信義親子館)','The S.E. side of Zhuangjing Rd. & Sec. 5, Xinyi Rd.',49,1,'2020-12-30 20:58:19','2020-12-30 23:52:02'),
	(71,'捷運信義安和站(4號出口)','Daan Dist.',30,26,2,'2020-12-31 07:50:16',25.03298500,121.55420400,'通化街/信義路四段(西南側)(鄰近臨江街夜市(通化夜市)/大安親子館)','The S.W. side of Tonghua St. & Sec. 4, Xinyi Road., Daan Dist.',4,1,'2020-12-30 20:58:19','2020-12-30 23:52:02'),
	(72,'新生長安路口','Zhongshan Dist.',42,21,5,'2020-12-31 07:50:26',25.04861100,121.52934600,'新生北路一段/長安東路二段交叉口(北側)','The intersection of Sec. 1, Xinsheng N. Rd. & Sec. 2, Chang’an E. Rd.',21,1,'2020-12-30 20:58:20','2020-12-30 23:52:02'),
	(73,'酒泉延平路口','Datong Dist.',32,12,9,'2020-12-31 07:50:28',25.07222800,121.51019500,'延平北路四段/酒泉街(西北側)','The N.W. side of Sec. 4, Yanping N. Rd. & Jiuquan St.',20,1,'2020-12-30 20:58:20','2020-12-30 23:52:02'),
	(74,'信義連雲街口','Zhongzheng Dist.',40,24,6,'2020-12-31 07:50:39',25.03381700,121.53054700,'信義路二段/連雲街(東北側)','The N.S. side of Lianyun St. & Sec. 2, Xinyi Rd.',15,1,'2020-12-30 20:58:20','2020-12-30 23:52:02'),
	(75,'基隆光復路口','Xinyi Dist.',30,15,1,'2020-12-31 07:50:28',25.03005080,121.55763500,'基隆路二段/光復南路(東北側)(鄰近通化夜市)','The intersection of Sec. 2, Keelung Rd. & Guangfu S. Rd.',15,1,'2020-12-30 20:58:20','2020-12-30 23:52:02'),
	(76,'新生長春路口','Zhongshan Dist.',36,15,5,'2020-12-31 07:50:19',25.05638700,121.52752200,'新生北路二段/新生北路二段68巷交叉口(新生橋下)','Under the bridge- the intersection of Sec. 2, Xinsheng N. Rd. & Ln. 68, Sec. 2, Xinsheng N. Rd.',21,1,'2020-12-30 20:58:21','2020-12-30 23:52:02'),
	(77,'民生活動中心','Songshan Dist.',32,14,3,'2020-12-31 07:50:37',25.05914700,121.56297000,'民生東路五段/三民路口(西北側)(鄰近松山親子館)','The N.W. side of Sec. 5, Minsheng E. Rd. & Sanmin Rd.',16,1,'2020-12-30 20:58:21','2020-12-30 23:52:02'),
	(78,'捷運圓山站(2號出口)','Datong Dist.',52,0,9,'2020-12-31 07:50:40',25.07182400,121.51928700,'承德路三段/庫倫街(東南側)(鄰近台北孔廟/花博公園圓山園區/花博圓山公園區-爭艷館/中山親子館)','The S.E. side of Sec. 3, Chengde Rd. & Kulun St.',51,1,'2020-12-30 20:58:21','2020-12-30 23:52:02'),
	(79,'捷運民權西路站(3號出口)','Datong Dist.',50,22,9,'2020-12-31 07:50:29',25.06128500,121.52020500,'民權西路70巷37號對面','The opposite of No.37, Ln. 70, Minquan W. Rd.',26,1,'2020-12-30 20:58:21','2020-12-30 23:52:02'),
	(80,'華江高中','Wanhua Dist.',44,3,8,'2020-12-31 07:50:32',25.02751000,121.49586900,'東園街/東園街35巷(東北側)','The N.E. side of Dongyuan St. & Ln. 35, Dongyuan St.',41,1,'2020-12-30 20:58:21','2020-12-30 23:52:02'),
	(81,'捷運台電大樓站(2號出口)','Daan Dist.',40,28,2,'2020-12-31 07:50:36',25.02054700,121.52855200,'羅斯福路/辛亥路交叉口(古亭國小前)','The intersection of Roosevelt Rd. & Xinhai Rd. (Gu Ting Elementary School) ',12,1,'2020-12-30 20:58:22','2020-12-30 23:52:02'),
	(82,'捷運西門站(3號出口)','Zhongzheng Dist.',60,13,6,'2020-12-31 07:50:27',25.04177800,121.50869300,'中華路一段/寶慶路(東南側)(鄰近國軍歷史文物館/中山堂/西門紅樓)','The S.E. side of Sec. 1, Zhonghua Rd. & Baoqing Rd.',46,1,'2020-12-30 20:58:22','2020-12-30 23:52:02'),
	(83,'捷運大安森林公園站','Daan Dist.',74,14,2,'2020-12-31 07:50:22',25.03334400,121.53423600,'信義路三段31巷/信義路三段(南側)(鄰近大安森林公園)','The S. side of Ln. 31, Sec. 3, Xinyi Rd. & Sec. 3, Xinyi Rd.',60,1,'2020-12-30 20:58:22','2020-12-30 23:52:02'),
	(84,'復華花園新城','Wanhua Dist.',38,23,8,'2020-12-31 07:50:21',25.02970500,121.50289900,'西藏路115號/西藏路(東南側)','The S.E. side of No.115, Xizang Rd. & Xizang Rd.',15,1,'2020-12-30 20:58:22','2020-12-30 23:52:02'),
	(85,'信義敦化路口','Daan Dist.',46,28,2,'2020-12-31 07:50:37',25.03336200,121.54911000,'信義路四段/敦化南路一段(東北側)','The N.E. side of Sec. 4, Xinyi Rd. & Sec. 1, Dunhua S. Rd.',18,1,'2020-12-30 20:58:22','2020-12-30 23:52:02'),
	(86,'民權復興路口','Songshan Dist.',36,11,3,'2020-12-31 07:50:33',25.06234400,121.54513800,'復興北路/民權東路三段(東北側)','The N.E. side of Fuxing N. Rd. & Sec. 3, Minquan E. Rd.',24,1,'2020-12-30 20:58:23','2020-12-30 23:52:02'),
	(87,'捷運大安站','Daan Dist.',48,1,2,'2020-12-31 07:50:26',25.03307800,121.54305700,'復興南路/信義路三段(西南側)','The S.W. side of Fuxing S. Rd. & Sec. 3 Xinyi Rd.',47,1,'2020-12-30 20:58:23','2020-12-30 23:52:02'),
	(88,'捷運象山站','Xinyi Dist.',62,3,1,'2020-12-31 07:50:40',25.03292200,121.57087000,'信義路五段/信義路五段91巷(西北側)','The N.W. side of Sec. 5, Xinyi Rd. & Ln. 91, Sec. 5, Xinyi Rd.',57,1,'2020-12-30 20:58:23','2020-12-30 23:52:02'),
	(89,'和平重慶路口','Zhongzheng Dist.',44,33,6,'2020-12-31 07:50:18',25.02732300,121.51638500,'重慶南路三段/和平西路一段(東北側)','The N.E. side of Sec. 3, Chongqing S. Rd. & Sec. 1, Heping W. Rd.',11,1,'2020-12-30 20:58:23','2020-12-30 23:52:02'),
	(90,'老松國小','Wanhua Dist.',44,17,8,'2020-12-31 07:50:29',25.03778300,121.50170800,'康定路/桂林路(東南側)(鄰近艋舺龍山寺/艋舺清水巖祖師廟/台北市鄉土教育中心(剝皮寮歷史街區))','The S.E. side of Kangding Rd. & Guilin Rd.',27,1,'2020-12-30 20:58:23','2020-12-30 23:52:02'),
	(91,'市立美術館','Zhongshan Dist.',36,16,5,'2020-12-31 07:50:31',25.07062900,121.52326800,'中山北路三段/酒泉街(西南側)(鄰近台北市立美術館/花博公園美術園區/台北故事館/花博公園圓山園區/花博圓山公園區-爭艷館/中山','The S.W. side of Sec. 3, Zhongshan N. Rd. & Jiuquan St.',20,1,'2020-12-30 20:58:24','2020-12-30 23:52:02'),
	(92,'開封西寧路口','Wanhua Dist.',42,25,8,'2020-12-31 07:50:29',25.04661800,121.50716900,'開封街二段/西寧南路(東北側)(鄰近西門町)','The N.E. side of Sec. 2, Kaifeng St. & Xining S. Rd.',17,1,'2020-12-30 20:58:24','2020-12-30 23:52:02'),
	(93,'吳興公車總站','Xinyi Dist.',56,24,1,'2020-12-31 07:50:42',25.02387700,121.56983600,'松仁路/吳興街交叉口','The intersection of Songren Rd. & Wuxing St.',30,1,'2020-12-30 20:58:24','2020-12-30 23:52:02'),
	(94,'捷運景美站','Wenshan Dist.',52,13,7,'2020-12-31 07:50:33',24.99325400,121.54105900,'羅斯福路六段/景中街交叉口(東北側)(鄰近景美夜市)','The intersectionof Sec. 6, Roosevelt Rd. & Jingzhong St.',39,1,'2020-12-30 20:58:24','2020-12-30 23:52:02'),
	(95,'東園國小','Wanhua Dist.',32,11,8,'2020-12-31 07:50:37',25.02339300,121.49767900,'東園街/萬大路344巷(東南側)','The S.E. side of Dongyuan St. & Ln. 344, Wanda Rd.',21,1,'2020-12-30 20:58:24','2020-12-30 23:52:02'),
	(96,'三民公園','Songshan Dist.',30,15,3,'2020-12-31 07:50:36',25.06156700,121.56655800,'撫遠街/富錦街(東南側)','The S.E. side of Fuyuan St. & Fujin St.',14,1,'2020-12-30 20:58:25','2020-12-30 23:52:02'),
	(97,'捷運劍潭站(2號出口)','Shilin Dist.',52,16,12,'2020-12-31 07:50:40',25.08282500,121.52472100,'基河路18號對面(鄰近劍潭公園)','The opposite of No.18, Jihe Rd.',35,1,'2020-12-30 20:58:25','2020-12-30 23:52:02'),
	(98,'羅斯福景隆街口','Wenshan Dist.',42,20,7,'2020-12-31 07:50:28',24.99937800,121.54019700,'羅斯福路六段/景隆街交叉口(東南側)','The intersection of Sec. 6, Roosevelt Rd. & Jinglong St. (the S.E. side)',20,1,'2020-12-30 20:58:25','2020-12-30 23:52:02'),
	(99,'捷運雙連站(2號出口)','Datong Dist.',42,0,9,'2020-10-29 19:58:50',25.05786600,121.52071100,'民生西路/萬全街(東北側)','The N.E. side of Minsheng W. Rd. & Wanquan St.',2,1,'2020-12-30 20:58:25','2020-12-30 23:52:02'),
	(100,'金山市民路口','Zhongzheng Dist.',40,14,6,'2020-12-31 07:50:20',25.04575300,121.53069700,'金山北路/市民大道三段(南側)(鄰近華山文化創意產業園區/光華數位新天地(光華商場)/三創生活園區)','The S. side of Jinshan N. Rd. & Sec. 3, Civic Blvd.',25,1,'2020-12-30 20:58:25','2020-12-30 23:52:02'),
	(101,'華山文創園區','Zhongzheng Dist.',50,0,6,'2020-11-02 22:56:43',25.04366800,121.52848700,'忠孝東路二段41號前(鄰近華山文化創意產業園區/光華數位新天地(光華商場)/三創生活園區)','Front of No.41, Sec. 2, Zhongxiao E. Rd.',0,0,'2020-12-30 20:58:26','2020-12-30 23:52:02'),
	(102,'臺北市客家文化主題公園','Zhongzheng Dist.',32,14,6,'2020-12-31 07:50:39',25.02043000,121.52532200,'師大路/汀州路交叉口(鄰近客家文化主題公園(原兒童交通博物館))','The intersection of Shida Rd. & Tingzhou Rd.',17,1,'2020-12-30 20:58:26','2020-12-30 23:52:02'),
	(103,'萬華車站','Wanhua Dist.',60,37,8,'2020-12-31 07:50:24',25.03363900,121.50302800,'艋舺大道83號(對側)','No.83, Bangka Blvd. (oppsite)',23,1,'2020-12-30 20:58:26','2020-12-30 23:52:02'),
	(104,'台北花木批發市場','Wenshan Dist.',38,13,7,'2020-12-31 07:50:35',25.00402300,121.54074000,'萬盛街/興隆路一段(西北側)','The N.W. side of Wansheng St. Sec. 1, Xinglong Rd.',25,1,'2020-12-30 20:58:26','2020-12-30 23:52:02'),
	(105,'峨嵋停車場','Wanhua Dist.',42,30,8,'2020-12-31 07:50:42',25.04441200,121.50540900,'昆明街/西寧南路50巷(東南側)(鄰近西門町/台北市電影主題公園/西門紅樓)','The S.E. side of Kunming St. & Ln. 50, Xining S. Rd. ',11,1,'2020-12-30 20:58:27','2020-12-30 23:52:02'),
	(106,'西園艋舺路口','Wanhua Dist.',44,13,8,'2020-12-31 07:50:23',25.03293200,121.49767400,'西園路二段/艋舺大道(西南側)','The S.W. side of Sec. 2, Xiyuan Rd. & Bangka Blvd.',31,1,'2020-12-30 20:58:27','2020-12-30 23:52:02'),
	(107,'捷運小南門站(1號出口)','Zhongzheng Dist.',54,5,6,'2020-12-31 07:50:34',25.03640200,121.50942200,'博愛路/愛國西路交叉口(西北側)','The intersection of Bo’ai Rd. & Aiguo W. Rd.',47,1,'2020-12-30 20:58:27','2020-12-30 23:52:02'),
	(108,'臺北孔廟','Datong Dist.',32,16,9,'2020-12-31 07:50:25',25.07330600,121.51584300,'哈密街59巷/哈密街(東北側)(鄰近台北孔廟/保安宮)','The N.E. side of Ln. 59, Hami St. & Hami St.',15,1,'2020-12-30 20:58:27','2020-12-30 23:52:02'),
	(109,'林安泰古厝','Zhongshan Dist.',36,18,5,'2020-12-31 07:50:18',25.07160600,121.53080500,'濱江街5號對面(鄰近林安泰古厝/花博公園新生園區)','No.5, Binjiang St.',17,1,'2020-12-30 20:58:27','2020-12-30 23:52:02'),
	(110,'文湖國小','Neihu Dist.',44,15,10,'2020-12-31 07:50:45',25.08637600,121.56088800,'文湖街21巷/文湖街(東北側)','The N.E. side of Ln. 21, Wenhu St. & Wenhu St.',29,1,'2020-12-30 20:58:28','2020-12-30 23:52:02'),
	(111,'捷運忠孝復興站(2號出口)','Daan Dist.',54,20,2,'2020-12-31 07:50:19',25.04018400,121.54349700,'復興南路一段/仁愛路三段123巷13弄(西北側)','The N.W. side of Sec. 1, Fuxing S. Rd. & Aly. 13, Ln. 123, Sec. 3, Ren’ai Rd.',34,1,'2020-12-30 20:58:28','2020-12-30 23:52:02'),
	(112,'捷運新北投站','Beitou Dist.',48,25,11,'2020-12-31 07:50:34',25.13745600,121.50312400,'大業路/中和街交叉口(鄰近凱達格蘭文化館/北投復興公園)','Daye Rd. & Zhonghe St.  Intersection',22,1,'2020-12-30 20:58:28','2020-12-30 23:52:02'),
	(113,'仁愛逸仙路口','Xinyi Dist.',38,8,1,'2020-12-31 07:50:37',25.03772400,121.56117800,'仁愛路四段/逸仙路(西北側)(鄰近國父紀念館/台北探索館)','Sec. 4, Ren’ai Rd. & Yixian Rd.',30,1,'2020-12-30 20:58:30','2020-12-30 23:52:02'),
	(114,'蘭雅公園','Shilin Dist.',30,16,12,'2020-12-31 07:50:25',25.10990800,121.53038600,'忠誠路二段/忠誠路二段40巷(西南側)','Sec. 2, Zhongcheng Rd. & Ln. 40, Sec. 2, Zhongcheng Rd.',14,1,'2020-12-30 20:58:30','2020-12-30 23:52:02'),
	(115,'臺北轉運站','Zhongzheng Dist.',68,38,6,'2020-12-31 07:50:25',25.04822200,121.52052600,'中山北路一段/市民大道一段(西北側)(鄰近台北當代藝術館/台北轉運站(京站時尚廣場)/國父史蹟紀念館(逸仙公園)/台北國際藝術村','Sec. 1, Zhongshan N. Rd. & Sec. 1, Civic Blvd.',29,1,'2020-12-30 20:58:30','2020-12-30 23:52:02'),
	(116,'福林公園','Shilin Dist.',44,17,12,'2020-12-31 07:50:16',25.09612200,121.53021500,'志成街/中正路(南側)(鄰近志成公園/福林公園)','Zhicheng St. & Zhongzheng Rd.',26,1,'2020-12-30 20:58:30','2020-12-30 23:52:02'),
	(117,'捷運北投站','Beitou Dist.',58,1,11,'2020-12-31 07:50:23',25.13258100,121.49861800,'光明路2巷/光明路交叉口(鄰近北投親子館)','Ln. 2, Guangming Rd. & Guangming Rd.  Intersection',55,1,'2020-12-30 20:58:30','2020-12-30 23:52:02'),
	(118,'大業大同街口','Beitou Dist.',36,20,11,'2020-12-31 07:50:27',25.13692900,121.49915200,'大業路/大同街口','Daye Rd. & Datong St.  Intersection',16,1,'2020-12-30 20:58:31','2020-12-30 23:52:02'),
	(119,'捷運劍南路站(2號出口)','Zhongshan Dist.',68,16,5,'2020-12-31 07:50:34',25.08418000,121.55511600,'敬業二路/植福路(東北側)(鄰近美麗華百樂園/劍潭古寺)','Jingye 2nd Rd. & Zhifu Rd.',52,1,'2020-12-30 20:58:31','2020-12-30 23:52:02'),
	(120,'捷運龍山寺站(1號出口)','Wanhua Dist.',46,4,8,'2020-12-31 07:50:16',25.03547900,121.50026000,'和平西路三段/和平西路三段109巷(西北側)(鄰近艋舺龍山寺/艋舺夜市(萬華夜市))','Sec. 3, Heping W. Rd. & Ln. 109, Sec. 3, Heping W. Rd.',41,1,'2020-12-30 20:58:31','2020-12-30 23:52:02'),
	(121,'龍江南京路口','Zhongshan Dist.',66,19,5,'2020-12-31 07:50:21',25.05298000,121.54056800,'龍江路110號對面停車場','No.100, Longjiang Rd.',47,1,'2020-12-30 20:58:31','2020-12-30 23:52:02'),
	(122,'捷運港墘站(2號出口)','Neihu Dist.',50,35,10,'2020-12-31 07:50:34',25.07966600,121.57584000,'內湖路一段/港墘路(東南側)','Sec. 1, Neihu Rd./Gangqian Rd. (southeast)',15,1,'2020-12-30 20:58:31','2020-12-30 23:52:02'),
	(123,'天母運動公園','Shilin Dist.',44,27,12,'2020-12-31 07:50:37',25.11632500,121.53413600,'忠誠路二段/忠誠路二段207巷(東南側)','Sec.2,Zhongcheng Rd./Ln.207,Sec.2,Zhongcheng Rd.',14,1,'2020-12-30 20:58:32','2020-12-30 23:52:02'),
	(124,'振華公園','Beitou Dist.',36,10,11,'2020-12-31 07:50:21',25.11586300,121.51816300,'振華街36號對面','No.36, Zhenhua St.',26,1,'2020-12-30 20:58:32','2020-12-30 23:52:02'),
	(125,'華西公園','Wanhua Dist.',30,11,8,'2020-12-31 07:50:36',25.03860900,121.49849500,'華西街/桂林路(東北側)(鄰近艋舺龍山寺/華西街夜市/艋舺青山宮/艋舺夜市(萬華夜市))','Huaxi St. & Guilin Rd.',16,1,'2020-12-30 20:58:32','2020-12-30 23:52:02'),
	(126,'敦化基隆路口','Daan Dist.',30,4,2,'2020-12-31 07:50:17',25.02207300,121.54833600,'敦化南路二段/基隆路二段交叉口','Sec. 2, Dunhua S. Rd. & Sec. 2, Keelung Rd.',26,1,'2020-12-30 20:58:32','2020-12-30 23:52:02'),
	(127,'東湖國中','Neihu Dist.',40,4,10,'2020-12-31 07:50:22',25.07327700,121.61952100,'康樂街/康樂街125巷(東南側)','Kangle St./Ln. 125, Kangle St.',36,1,'2020-12-30 20:58:32','2020-12-30 23:52:02'),
	(128,'成功國宅','Daan Dist.',36,26,2,'2020-12-31 07:50:42',25.02680800,121.54672600,'四維路198巷/和平東路三段1巷','Ln. 198, Siwei Rd./Ln. 1, Sec. 3, Heping E. Rd',10,1,'2020-12-30 20:58:33','2020-12-30 23:52:02'),
	(129,'捷運文德站(2號出口)','Neihu Dist.',50,10,10,'2020-12-31 07:50:32',25.07842400,121.58456000,'文德路220巷/文德路(西南側)','Ln. 220, Wende Rd./Wende Rd.',40,1,'2020-12-30 20:58:33','2020-12-30 23:52:02'),
	(130,'羅斯福寧波東街口','Zhongzheng Dist.',26,4,6,'2020-12-31 07:50:29',25.03144500,121.51941100,'羅斯福路一段/寧波東街(東南側)(鄰近愛國東路婚紗街)','Sec. 1, Roosevelt Rd. & Ningbo E. St.',21,1,'2020-12-30 20:58:33','2020-12-30 23:52:02'),
	(131,'洲子二號公園','Neihu Dist.',52,10,10,'2020-12-31 07:50:23',25.07932200,121.56868800,'瑞光路500號對面','Opposite to the parking space No.500, Ruiguang Rd.',41,1,'2020-12-30 20:58:33','2020-12-30 23:52:02'),
	(132,'羅斯福新生南路口','Daan Dist.',88,27,2,'2020-12-31 07:50:32',25.01603085,121.53317570,'羅斯福路四段/新生南路三段交叉口(鄰近公館夜市)','Sec. 4, Roosevelt Rd./Sec. 3, Xinsheng S. Rd.',61,1,'2020-12-30 20:58:33','2020-12-30 23:52:02'),
	(133,'蘭興公園','Shilin Dist.',40,21,12,'2020-12-31 07:50:16',25.11183900,121.52588800,'中山北路六段/士東路(西北側)','Sec.6, Zhongshan N. Rd / Shidong Rd',19,1,'2020-12-30 20:58:34','2020-12-30 23:52:02'),
	(134,'捷運芝山站(2號出口)','Shilin Dist.',64,8,12,'2020-12-31 07:50:24',25.10336000,121.52262900,'福華路/福華路162巷(東南側)','Fuhua Rd. / Ln. 162, Fuhua Rd.',56,1,'2020-12-30 20:58:34','2020-12-30 23:52:02'),
	(135,'捷運石牌站(2號出口)','Beitou Dist.',54,0,11,'2020-12-31 07:50:15',25.11451300,121.51567700,'東華街一段/裕民二路(西側)','Sec. 1, Donghua St. / Yumin 2nd Rd.',54,1,'2020-12-30 20:58:34','2020-12-30 23:52:02'),
	(136,'國立臺北護理健康大學','Beitou Dist.',30,2,11,'2020-12-31 07:50:39',25.11745700,121.51668000,'石牌路二段100號(北側)','No.100, Sec. 1, Shihpai Rd.',28,1,'2020-12-30 20:58:34','2020-12-30 23:52:02'),
	(137,'國防大學','Beitou Dist.',46,26,11,'2020-12-31 07:50:23',25.13797600,121.49306600,'中央北路二段/豐年路二段交叉口','Sec. 2, Zhongyang N. Rd. / Sec. 2, Fengnian Rd.',19,1,'2020-12-30 20:58:34','2020-12-30 23:52:02'),
	(138,'捷運永春站(2號出口)','Xinyi Dist.',30,3,1,'2020-12-31 07:50:42',25.04055800,121.57537200,'忠孝東路五段420號旁(東側巷道上)','No.420, Sec. 5, Zhongxiao E. Rd.',26,1,'2020-12-30 20:58:35','2020-12-30 23:52:02'),
	(139,'永樂市場','Datong Dist.',38,16,9,'2020-12-31 07:50:27',25.05450100,121.51054900,'民樂街/南京西路233巷(西北側)(鄰近迪化街/永樂市場(永樂布業商場)/霞海城隍廟)','Minle St., Datong Dist./Ln. 233, Nanjing W. Rd.',21,1,'2020-12-30 20:58:35','2020-12-30 23:52:02'),
	(140,'捷運大橋頭站(2號出口)','Datong Dist.',46,17,9,'2020-12-31 07:50:30',25.06340400,121.51290900,'民權西路/重慶北路三段(東北側)(鄰近延三夜市(大橋頭夜市))','Minquan W. Rd./ Sec. 3, Chongqing N. Rd.',29,1,'2020-12-30 20:58:35','2020-12-30 23:52:02'),
	(141,'文山行政中心','Wenshan Dist.',36,10,7,'2020-12-31 07:50:19',24.98990200,121.56998400,'木柵路三段220號前','No.220, Sec. 3, Muzha Rd.',26,1,'2020-12-30 20:58:35','2020-12-30 23:52:02'),
	(142,'捷運木柵站','Wenshan Dist.',52,1,7,'2020-12-31 07:50:39',24.99799600,121.57444000,'木柵路四段82巷18號前(捷運橋樑下)','No.18, Ln. 82, Sec. 4, Muzha Rd.',51,1,'2020-12-30 20:58:35','2020-12-30 23:52:02'),
	(143,'捷運動物園站(2號出口)','Wenshan Dist.',72,0,7,'2020-12-31 07:50:30',24.99765900,121.57875200,'新光路二段28號前(鄰近台北市立動物園(木柵動物園))','No.28, Sec. 2, Xinguang Rd.',72,1,'2020-12-30 20:58:36','2020-12-30 23:52:02'),
	(144,'國立政治大學','Wenshan Dist.',58,15,7,'2020-12-31 07:50:20',24.98836300,121.57653600,'萬壽路16巷6號前(鄰近國立政治大學)','No.6, Ln. 16, Wanshou Rd.',41,1,'2020-12-30 20:58:36','2020-12-30 23:52:02'),
	(145,'樹德公園','Datong Dist.',40,4,9,'2020-12-31 07:49:56',25.06668800,121.51614900,'大龍街/大龍街85巷(東北側)','Dalong St. / Ln. 85, Dalong St.',36,1,'2020-12-30 20:58:36','2020-12-30 23:52:02'),
	(146,'捷運士林站(2號出口)','Shilin Dist.',46,34,12,'2020-12-31 07:50:58',25.09254600,121.52655600,'中正路247巷/中山北路五段505巷(東南側)','Ln. 247, Zhongzheng Rd. / Ln. 505, Sec. 5, Zhongshan N. Rd.',12,1,'2020-12-30 20:58:36','2020-12-30 23:52:02'),
	(147,'士林運動中心','Shilin Dist.',32,26,12,'2020-12-31 07:50:20',25.08917500,121.52181400,'承德路四段/大南路(東北側)','Sec. 4, Chengde Rd./Danan Rd.',5,1,'2020-12-30 20:58:36','2020-12-30 23:52:02'),
	(148,'捷運明德站','Beitou Dist.',68,20,11,'2020-12-31 07:49:34',25.11033100,121.51831600,'致遠一路一段46巷/西安街一段(東南側)','Ln. 46, Sec. 1, Zhiyuan 1st Rd./Sec. 1, Xi’an St.',39,1,'2020-12-30 20:58:37','2020-12-30 23:52:02'),
	(149,'北投運動中心','Beitou Dist.',62,33,11,'2020-12-31 07:50:18',25.11666500,121.50962100,'石牌路一段39巷100號前','No.100, Ln. 39, Sec. 1, Shipai Rd.',29,1,'2020-12-30 20:58:37','2020-12-30 23:52:02'),
	(150,'松德公園','Xinyi Dist.',38,12,1,'2020-12-31 07:50:34',25.03656800,121.57343000,'松德路168巷20號前','No.20, Ln. 168, Songde Rd.',26,1,'2020-12-30 20:58:37','2020-12-30 23:52:02'),
	(151,'考試院','Wenshan Dist.',34,8,7,'2020-12-31 07:50:28',24.98750700,121.54982700,'試院路(雙號)/木柵路一段(東北側)(鄰近文山親子館)','Shiyuan Rd. / Sec. 1, Muzha Rd., ',26,1,'2020-12-30 20:58:37','2020-12-30 23:52:02'),
	(152,'百齡國小','Shilin Dist.',40,32,12,'2020-12-31 07:50:21',25.08521000,121.51917500,'前港街100巷/前港街(北方)','Ln. 100, Qiangang St. / Qiangang St.',8,1,'2020-12-30 20:58:37','2020-12-30 23:52:02'),
	(153,'蔣渭水紀念公園','Datong Dist.',36,21,9,'2020-12-31 07:50:25',25.05988500,121.51629900,'錦西街51號對面','No.51, Jinxi St., Datong Dist.',13,1,'2020-12-30 20:58:38','2020-12-30 23:52:02'),
	(154,'中正基河路口','Shilin Dist.',38,15,12,'2020-12-31 07:50:15',25.09339600,121.51986700,'中正路420號前(鄰近台北市立天文科學教育館)','No.420, Zhongzheng Rd.',23,1,'2020-12-30 20:58:38','2020-12-30 23:52:02'),
	(155,'瑞光港墘路口','Neihu Dist.',30,6,10,'2020-12-31 07:50:44',25.07619300,121.57505000,'瑞光路/港墘路(西南側)','Ruiguang Rd. / Gangqian Rd.',24,1,'2020-12-30 20:58:38','2020-12-30 23:52:02'),
	(156,'東湖國小','Neihu Dist.',38,7,10,'2020-12-31 07:50:24',25.06853000,121.61538000,'東湖路/東湖路119巷(西北側)','Donghu Rd. / Ln. 119, Donghu Rd.',31,1,'2020-12-30 20:58:38','2020-12-30 23:52:02'),
	(157,'麗山國小','Neihu Dist.',42,27,10,'2020-12-31 07:50:31',25.08270300,121.57146700,'內湖路一段411巷/內湖路一段411巷19弄(東北側)','Ln. 411, Sec. 1, Neihu Rd. / Aly. 19, Ln. 411, Sec. 1, Neihu Rd.',14,1,'2020-12-30 20:58:38','2020-12-30 23:52:02'),
	(158,'捷運東湖站','Neihu Dist.',48,3,10,'2020-12-31 07:50:25',25.06702600,121.61355000,'安康路315巷/五分街14巷(西側)','Ln. 315, Ankang Rd./Ln. 14, Wufen St.',44,1,'2020-12-30 20:58:39','2020-12-30 23:52:02'),
	(159,'捷運西湖站(1號出口)','Neihu Dist.',36,6,10,'2020-12-31 07:50:40',25.08286600,121.56669500,'環山路一段9巷/內湖路一段285巷(西南側)','Ln. 9, Sec. 1, Huanshan Rd./Ln. 285, Sec. 1, Neihu Rd.',30,1,'2020-12-30 20:58:39','2020-12-30 23:52:02'),
	(161,'大豐公園','Beitou Dist.',56,35,11,'2020-12-31 07:50:36',25.13114300,121.50376800,'磺港路/大興街(東北側)','Huanggang Rd. / Daxing St.',21,1,'2020-12-30 20:58:39','2020-12-30 23:52:02'),
	(162,'捷運中山國小站(4號出口)','Zhongshan Dist.',70,44,5,'2020-12-31 07:50:35',25.06292400,121.52772000,'民權東路一段/新生北路三段(北側)(新生高架橋下)','Sec. 1, Minquan E. Rd./Sec. 3, Xinsheng N. Rd',25,1,'2020-12-30 20:58:39','2020-12-30 23:52:02'),
	(163,'捷運麟光站','Daan Dist.',72,53,2,'2020-12-31 07:50:44',25.01809700,121.55927900,'和平東路三段/和平東路三段416巷(捷運高架橋下)(鄰近富陽自然生態公園)','Sec. 3, Heping E. Rd./Ln. 416,Sec. 3, Heping E. Rd.',18,1,'2020-12-30 20:58:39','2020-12-30 23:52:02'),
	(164,'捷運奇岩站','Beitou Dist.',56,18,11,'2020-12-31 07:49:41',25.12628600,121.50080100,'北投路一段/三合街二段(東北側)','Sec. 1, Beitou Rd./Sec. 2, Sanhe St.',37,1,'2020-12-30 20:58:40','2020-12-30 23:52:02'),
	(165,'捷運唭哩岸站(2號出口)','Beitou Dist.',62,28,11,'2020-12-31 07:50:35',25.12078800,121.50569300,'西安街二段/立農街一段257巷(鄰近慈生宮)','Sec. 2, Xi\'an St./Ln. 257,Sec. 2, Linong St.',32,1,'2020-12-30 20:58:40','2020-12-30 23:52:02'),
	(166,'臺北市立景美女中','Wenshan Dist.',34,24,7,'2020-12-31 07:50:31',24.98060200,121.55617700,'木新路三段/一壽街(西北側)','Sec. 3, Muxin Rd./Yishou St.',10,1,'2020-12-30 20:58:40','2020-12-30 23:52:02'),
	(167,'臺北市立天文館','Shilin Dist.',50,20,12,'2020-12-31 07:50:30',25.09571400,121.51804600,'基河路363號前(鄰近台北市立天文科學教育館/國立台灣科學教育館)','No.363, Jihe Rd.',25,1,'2020-12-30 20:58:40','2020-12-30 23:52:02'),
	(168,'河堤國小','Zhongzheng Dist.',44,30,6,'2020-12-31 07:50:45',25.02288000,121.52285500,'金門街12巷23弄1號旁','No.1, Aly. 23, Lane 12, Jinmen St.',13,1,'2020-12-30 20:58:40','2020-12-30 23:52:02'),
	(169,'植物園','Zhongzheng Dist.',44,12,6,'2020-12-31 07:50:23',25.03001500,121.50981300,'和平西路二段100號前(鄰近台北植物園/國立歷史博物館/131 Fun心玩親子館)','No.100, Sec. 2, Heping W. Rd.',32,1,'2020-12-30 20:58:41','2020-12-30 23:52:02'),
	(170,'新東公園','Songshan Dist.',50,25,3,'2020-12-31 07:50:32',25.05924500,121.56888300,'民生東路五段/塔悠路(西南側)','Sec. 5, Minsheng E. Rd./Tayou Rd.',25,1,'2020-12-30 20:58:41','2020-12-30 23:52:02'),
	(171,'文山運動中心','Wenshan Dist.',38,24,7,'2020-12-31 07:50:39',24.99684200,121.55965100,'興隆路三段/興隆路三段192巷8弄','Sec. 3, Xinglong Rd./Aly. 8, Ln. 192, Sec. 3, Xinglong Rd.',14,1,'2020-12-30 20:58:41','2020-12-30 23:52:02'),
	(172,'捷運南京三民站(1號出口)','Songshan Dist.',24,0,3,'2020-12-31 07:50:21',25.05156200,121.56289100,'南京東路五段/三民路(西北側)','Sec. 5, Nanjing E. Rd./Sanmin Rd.',24,1,'2020-12-30 20:58:42','2020-12-30 23:52:02'),
	(173,'捷運松江南京站(7號出口)','Zhongshan Dist.',56,28,5,'2020-12-31 07:50:18',25.05218100,121.53321100,'松江路/南京東路二段(東北側)(鄰近四平陽光商圈)','Sec. 2, Nanjing E. Rd./Sec. 2, Nanjing E. Rd.',28,1,'2020-12-30 20:58:42','2020-12-30 23:52:02'),
	(174,'捷運小巨蛋站(5號出口)','Songshan Dist.',48,19,3,'2020-12-31 07:50:43',25.05170200,121.55305700,'南京東路四段/健康路(東北側)(鄰近台北田徑場)','Sec. 4, Nanjing E. Rd./Jiankang Rd.',28,1,'2020-12-30 20:58:43','2020-12-30 23:52:02'),
	(175,'捷運南京復興站(5號出口)','Songshan Dist.',52,15,3,'2020-12-31 07:50:18',25.05161800,121.54484700,'南京東路三段/南京東路三段256巷(東南側)','Sec. 3, Nanjing E. Rd./Ln. 256, Sec. 3, Nanjing E. Rd.',37,1,'2020-12-30 20:58:43','2020-12-30 23:52:02'),
	(176,'興安華城','Zhongshan Dist.',94,74,5,'2020-12-31 07:50:44',25.05599700,121.54231800,'興安街/遼寧街','Xing’an St./Liaoning St.',13,1,'2020-12-30 20:58:43','2020-12-30 23:52:02'),
	(177,'葫蘆國小','Shilin Dist.',40,31,12,'2020-12-31 07:50:31',25.08253800,121.50749500,'環河北路三段/葫蘆街(東北側)','Sec. 3, Huanhe N. Rd./Hulu St.',9,1,'2020-12-30 20:58:43','2020-12-30 23:52:02'),
	(178,'延平國宅','Shilin Dist.',32,16,12,'2020-12-31 07:49:40',25.07890800,121.51030600,'延平北路五段一巷40號前','No.40, Ln. 1, Sec. 5, Yanping N. Rd.',16,1,'2020-12-30 20:58:43','2020-12-30 23:52:02'),
	(179,'南港公園','Nangang Dist.',52,41,4,'2020-12-31 07:50:44',25.04135500,121.59073000,'福德街383號對面(南港公園出口前)','No.383, Fude St.',11,1,'2020-12-30 20:58:44','2020-12-30 23:52:02'),
	(180,'福華商場','Neihu Dist.',40,6,10,'2020-12-31 07:50:38',25.06877000,121.59265400,'民權東路六段/民權東路六段180巷(石潭平面停車場內)(鄰近防災科學教育館)','Sec. 6, Minquan E. Rd./Ln. 180, Sec. 6, Minquan E. Rd.',34,1,'2020-12-30 20:58:44','2020-12-30 23:52:02'),
	(181,'建國和平路口','Daan Dist.',52,1,2,'2020-12-31 07:50:27',25.02585000,121.53738300,'建國南路二段/和平東路二段(西北側)','Sec. 2, Jianguo S. Rd./Sec. 2, Heping E. Rd.',50,1,'2020-12-30 20:58:44','2020-12-30 23:52:02'),
	(182,'捷運古亭站(2號出口)','Zhongzheng Dist.',50,5,6,'2020-12-31 07:50:24',25.02530000,121.52353700,'羅斯福路二段/羅斯福路二段174巷(捷運古亭站2號出口前)','Sec. 2, Roosevelt Rd./Ln. 174, Sec. 2, Roosevelt Rd.',45,1,'2020-12-30 20:58:44','2020-12-30 23:52:02'),
	(183,'圓環站','Datong Dist.',32,16,9,'2020-12-31 07:50:19',25.05379000,121.51417900,'南京西路/重慶北路一段(西南側)(鄰近寧夏夜市)','Nanjing W. Rd./Sec. 1, Chongqing N. Rd.',15,1,'2020-12-30 20:58:44','2020-12-30 23:52:02'),
	(184,'劍潭社區','Zhongshan Dist.',42,16,5,'2020-12-31 07:50:23',25.08475900,121.53789200,'通北街143號前','No.143, Tongbei St.',26,1,'2020-12-30 20:58:45','2020-12-30 23:52:02'),
	(185,'瑠公公園','Daan Dist.',30,0,2,'2020-11-02 22:55:56',25.04234200,121.54605000,'大安路一段/大安路一段75巷(西側)(鄰近東區地下街)','Ln. 75, Sec. 1/Ln. 75, Sec. 1, Da’an Rd.',0,0,'2020-12-30 20:58:45','2020-12-30 23:52:02'),
	(186,'臺北市立大學','Zhongzheng Dist.',82,12,6,'2020-12-31 07:50:15',25.03541400,121.51421800,'愛國西路/公園路(西北側)(鄰近台北市立教育大學)','Aiguo W. Rd./Gongyuan Rd.',62,1,'2020-12-30 20:58:45','2020-12-30 23:52:02'),
	(187,'仁愛延吉街口','Daan Dist.',34,12,2,'2020-12-31 07:50:30',25.03746500,121.55576900,'仁愛路四段/延吉街(東南側)(鄰近大安親子館)','Sec. 4, Ren’ai Rd./Yanji St.',21,1,'2020-12-30 20:58:45','2020-12-30 23:52:02'),
	(188,'社子國小','Shilin Dist.',56,23,12,'2020-12-31 07:50:42',25.09029300,121.50189000,'延平北路六段/社中街(社子國小對面跨提便道橋下)','Sec. 6, Yanping N. Rd./Shezhong St.',33,1,'2020-12-30 20:58:45','2020-12-30 23:52:02'),
	(189,'金瑞公園(金龍路)','Neihu Dist.',38,20,10,'2020-12-31 07:50:23',25.08798700,121.58781000,'金龍路213巷1弄7號前','No.7, Aly. 1, Ln. 213, Jinlong Rd.',17,1,'2020-12-30 20:58:46','2020-12-30 23:52:02'),
	(190,'捷運大直站(3號出口)','Zhongshan Dist.',40,2,5,'2020-12-31 07:50:37',25.07927800,121.54668300,'北安路458巷41弄/北安路536巷(捷運大直站3號出口前人行道)','Aly. 41, Ln. 458, Bei’an Rd./Ln. 536, Bei’an Rd.',27,1,'2020-12-30 20:58:46','2020-12-30 23:52:02'),
	(191,'捷運大湖公園站(2號出口)','Neihu Dist.',58,32,10,'2020-12-31 07:50:17',25.08387300,121.60206000,'成功路五段/大湖山莊街(大湖公園地下停車場旁)(鄰近大湖公園)','Sec. 5, Chenggong Rd./Dahu Shanzhuang St.',22,1,'2020-12-30 20:58:46','2020-12-30 23:52:02'),
	(192,'捷運葫洲站(1號出口)','Neihu Dist.',44,16,10,'2020-12-31 07:50:30',25.07248500,121.60795500,'康寧路三段/成功路五段450巷21弄(西北側)(捷運葫洲站1號出口前自行車停放區)','Sec. 3, Kangning Rd./Aly. 21, Ln. 450, Sec. 5, Chenggong Rd.',28,1,'2020-12-30 20:58:46','2020-12-30 23:52:02'),
	(193,'舊莊區民活動中心','Nangang Dist.',36,25,4,'2020-12-31 07:50:44',25.04127700,121.61935000,'舊莊街一段91巷/舊莊街一段91巷12弄(舊莊區民活動中心前)(鄰近胡適公園)','Ln. 91, Sec. 1, Jiuzhuang St./Aly. 12, Ln. 91, Sec. 1, Jiuzhuang St.',11,1,'2020-12-30 20:58:46','2020-12-30 23:52:02'),
	(194,'市民林森路口','Zhongshan Dist.',50,21,5,'2020-12-31 07:50:26',25.04795800,121.52438800,'市民大道二段/林森北路(東北側)(鄰近台北國際藝術村/台北希望廣場)','Sec. 2, Civic Blvd./Linsen N. Rd.',29,1,'2020-12-30 20:58:47','2020-12-30 23:52:02'),
	(195,'信義杭州路口(中華電信總公司)','Zhongzheng Dist.',50,16,6,'2020-12-31 07:50:35',25.03585100,121.52398700,'信義路一段/杭州南路一段(西北側)(鄰近國立中正紀念堂)','Sec. 1, Xinyi Rd./Sec. 1, Hangzhou S. Rd.',32,1,'2020-12-30 20:58:47','2020-12-30 23:52:02'),
	(196,'新湖國小','Neihu Dist.',20,5,10,'2020-12-31 07:50:35',25.06874400,121.58923300,'民權東路六段/成功路二段320巷31弄(東南側)(鄰近防災科學教育館)','Sec. 6, Minquan E. Rd./Aly. 31, Ln. 320, Sec. 2, Chenggong Rd.',15,1,'2020-12-30 20:58:47','2020-12-30 23:52:02'),
	(197,'饒河夜市(八德路側)','Songshan Dist.',34,7,3,'2020-12-31 07:50:40',25.04984500,121.57188500,'八德路/松信路(西南側)','The S.W. side of St.Wuchang & Road Longjiang.',27,1,'2020-12-30 20:58:47','2020-12-30 23:52:02'),
	(201,'東陽公園','Nangang Dist.',44,15,4,'2020-12-31 07:50:17',25.05716400,121.59792400,'重陽路125巷26號至36-2號對面人行道','No.26 to No. 36-2, Ln. 125, Chongyang Rd. (opposite)',29,1,'2020-12-30 20:58:47','2020-12-30 23:52:02'),
	(202,'捷運關渡站','Beitou Dist.',60,12,11,'2020-12-31 07:50:36',25.12464600,121.46733600,'大度路三段270巷/立功街55巷(西南側人行道)','Ln. 270, Sec. 3, Dadu Rd./Ln. 55, Ligong St.',47,1,'2020-12-30 20:58:48','2020-12-30 23:52:02'),
	(203,'古亭國中','Wanhua Dist.',40,17,8,'2020-12-31 07:50:16',25.02448700,121.51057000,'中華路二段465號對面人行道(古亭國中)','No.465, Sec. 2, Zhonghua Rd. (opposite)',23,1,'2020-12-30 20:58:48','2020-12-30 23:52:02'),
	(204,'臺北市立大學(天母校區)','Shilin Dist.',42,12,12,'2020-12-31 07:50:31',25.11362500,121.53742000,'士東路276號至280號對面人行道','No.276 to No. 280, Shidong Rd., (opposite)',29,1,'2020-12-30 20:58:48','2020-12-30 23:52:02'),
	(205,'木柵光輝路口','Wenshan Dist.',24,12,7,'2020-12-31 07:50:16',24.98824100,121.55561000,'木柵路一段290號西側人行道(木柵光輝路口)','No.290, Sec. 1, Muzha Rd.',12,1,'2020-12-30 20:58:48','2020-12-30 23:52:02'),
	(206,'捷運辛亥站','Wenshan Dist.',32,13,7,'2020-12-31 07:50:19',25.00538600,121.55716000,'辛亥路四段114號旁人行道(捷運辛亥站)','No.114, Sec. 4, Xinhai Rd.',18,1,'2020-12-30 20:58:48','2020-12-30 23:52:02'),
	(207,'福安國中','Shilin Dist.',30,6,12,'2020-12-31 07:50:17',25.10324200,121.48747700,'延平北路七段250號前人行道(福安國中)','No.250, Sec. 7, Yanping N. Rd.',23,1,'2020-12-30 20:58:49','2020-12-30 23:52:02'),
	(208,'龍山國小','Wanhua Dist.',46,16,8,'2020-12-31 07:50:17',25.03555500,121.49534200,'和平西路三段280號對面人行道(龍山國小)(鄰近艋舺夜市(萬華夜市))','No.280, Sec. 3, Heping W. Rd. (opposite)',30,1,'2020-12-30 20:58:49','2020-12-30 23:52:02'),
	(209,'捷運復興崗站','Beitou Dist.',42,11,11,'2020-12-31 07:50:39',25.13783700,121.48607100,'中央北路三段17-1號對面人行道 (中央北路三段53巷側)','No.17-1, Sec. 3, Zhongyang N. Rd. (opposite)',31,1,'2020-12-30 20:58:49','2020-12-30 23:52:02'),
	(210,'樂群二敬業四路口','Zhongshan Dist.',60,30,5,'2020-12-31 07:50:33',25.07976600,121.55813500,'樂群二路180號前廣場','No.180, Lequn 2nd Rd.',30,1,'2020-12-30 20:58:49','2020-12-30 23:52:02'),
	(211,'星雲金湖街口','Neihu Dist.',40,25,10,'2020-12-31 07:50:41',25.08091500,121.59733900,'星雲街210巷11號旁平面停車場 ','No.11, Ln. 210, Xingyun St.',15,1,'2020-12-30 20:58:49','2020-12-30 23:52:02'),
	(212,'北安大直街口','Zhongshan Dist.',50,2,5,'2020-12-31 07:50:28',25.08422300,121.54945200,'北安路676號前人行道 ','No.676, Bei’an Rd.',48,1,'2020-12-30 20:58:50','2020-12-30 23:52:02'),
	(213,'蘭雅國小','Shilin Dist.',30,17,12,'2020-12-31 07:50:15',25.10778200,121.52310700,'磺溪街80號~82號對面人行道(蘭雅國小東側)','No.80 to No.82, Huangxi St. (opposite)',12,1,'2020-12-30 20:58:50','2020-12-30 23:52:02'),
	(214,'基河一期國宅','Neihu Dist.',54,20,10,'2020-12-31 07:50:44',25.05593500,121.57864500,'南京東路六段131號至137號對面綠地','No.131 to No.137, Sec. 6, Nanjing E. Rd. (opposite)',34,1,'2020-12-30 20:58:50','2020-12-30 23:52:02'),
	(215,'捷運北門站(3號出口)','Datong Dist.',62,21,9,'2020-12-31 07:50:34',25.04993000,121.51036700,'鄭州路/塔城街(西南側)(捷運北門站3號出口)(鄰近海關博物館/北門-承恩門)','Zhengzhou Rd./Tacheng St.(southwest)',41,1,'2020-12-30 20:58:50','2020-12-30 23:52:02'),
	(216,'培英公園','Zhongshan Dist.',50,18,5,'2020-12-31 07:50:41',25.08255300,121.54460100,'崇實路/大直街62巷(東南側)','Chongshi Rd./Dazhi St. (southeast)',28,1,'2020-12-30 20:58:50','2020-12-30 23:52:02'),
	(217,'臺北花市','Neihu Dist.',40,1,10,'2020-12-31 07:50:37',25.06264500,121.57426700,'新湖三路28號前人行道(鄰近台北花市)','No.28, Xinhu 3rd Rd.',39,1,'2020-12-30 20:58:51','2020-12-30 23:52:02'),
	(218,'松山高中','Xinyi Dist.',42,16,1,'2020-12-31 07:50:44',25.04329900,121.56410800,'基隆路一段172巷15號對面人行道(松山高中)','No.15, Ln. 172, Sec. 1, Keelung Rd. (opposite)',26,1,'2020-12-30 20:58:51','2020-12-30 23:52:02'),
	(219,'大理高中','Wanhua Dist.',38,9,8,'2020-12-31 07:50:44',25.03114700,121.49074000,'環河南路二段300號對面人行道(大理高中)','No.300, Sec. 2, Huanhe S. Rd. (opposite)',29,1,'2020-12-30 20:58:51','2020-12-30 23:52:02'),
	(220,'大稻埕公園','Datong Dist.',36,23,9,'2020-12-31 07:50:37',25.05916200,121.51051200,'安西街1巷15號對面人行道(大稻埕公園)','No.15, Ln. 1, Anxi St. (opposite)',13,1,'2020-12-30 20:58:51','2020-12-30 23:52:02'),
	(221,'泰和公園','Xinyi Dist.',40,26,1,'2020-12-31 07:50:39',25.01927600,121.57107000,'吳興街583巷67弄(泰和公園)','No.5, Aly. 67, Ln. 600, Wuxing St. (opposite)',13,1,'2020-12-30 20:58:51','2020-12-30 23:52:02'),
	(222,'撫順公園','Zhongshan Dist.',30,5,5,'2020-12-31 07:50:38',25.06410800,121.52206500,'中山北路2段180號對面(鄰近大同大學/雙城街夜市)','No.180, Sec. 2, Zhongshan N. Rd. (opposite)',25,1,'2020-12-30 20:58:52','2020-12-30 23:52:02'),
	(223,'清江國小','Beitou Dist.',40,26,11,'2020-12-31 07:50:40',25.12740000,121.50726700,'三合街一段/公館路西南側人行道(清江國小)','Sec. 1, Sanhe St./Gongguan Rd.',14,1,'2020-12-30 20:58:52','2020-12-30 23:52:02'),
	(224,'社正公園','Shilin Dist.',40,4,12,'2020-12-31 07:50:18',25.08824300,121.51053500,'社中街43號對面停車場(社正公園)','No.43, Shezhong St. (opposite)',35,1,'2020-12-30 20:58:52','2020-12-30 23:52:02'),
	(225,'臥龍樂業街口','Daan Dist.',40,19,2,'2020-12-31 07:50:44',25.01860000,121.55483900,'臥龍街267號對面人行道(臥龍樂業街口)','No.267, Wolong St. (opposite)',21,1,'2020-12-30 20:58:52','2020-12-30 23:52:02'),
	(226,'向陽南港路口','Nangang Dist.',32,3,4,'2020-12-31 07:50:24',25.05436500,121.59422800,'向陽路49號旁人行道(向陽南港路口)','No.49, Xiangyang Rd.',29,1,'2020-12-30 20:58:52','2020-12-30 23:52:02'),
	(227,'麗山高中','Neihu Dist.',40,10,10,'2020-12-31 07:50:38',25.08424400,121.57668000,'環山路二段131號對面人行道(麗山高中)','No.131, Sec. 2, Huanshan Rd. (opposite)',30,1,'2020-12-30 20:58:53','2020-12-30 23:52:02'),
	(228,'捷運萬芳社區站','Wenshan Dist.',32,9,7,'2020-12-31 07:50:31',24.99881100,121.56789000,'萬芳路60號西側廣場','No.60, Wanfang Rd. (west side)',21,1,'2020-12-30 20:58:53','2020-12-30 23:52:02'),
	(229,'市民太原路口','Datong Dist.',34,0,9,'2020-12-28 17:01:16',25.04939400,121.51461100,'鄭州路23號東側人行道(市民太原路口)(鄰近台北地下街/台北車站)','No.23, Zhengzhou Rd. (east side)',0,0,'2020-12-30 20:58:53','2020-12-30 23:52:02'),
	(230,'湖光國宅','Neihu Dist.',36,25,10,'2020-12-31 07:50:24',25.07536600,121.58081100,'文德路22巷67號對面綠地','No.67, Ln. 22, Wende Rd. (opposite)',11,1,'2020-12-30 20:58:53','2020-12-30 23:52:02'),
	(231,'內政部營建署','Songshan Dist.',40,12,3,'2020-12-31 07:50:35',25.04780500,121.54502200,'八德路二段342號東側人行道(鄰近微風廣場/黑松世界)','No.342, Sec. 2, Bade Rd. (east side)',28,1,'2020-12-30 20:58:53','2020-12-30 23:52:02'),
	(232,'中山天母路口','Shilin Dist.',44,4,12,'2020-12-31 07:50:30',25.11884300,121.52973800,'天母西路3-55號前人行道','No.3-55, Tianmu W. Rd.',39,1,'2020-12-30 20:58:54','2020-12-30 23:52:02'),
	(233,'捷運忠義站','Beitou Dist.',50,11,11,'2020-12-31 07:50:21',25.13141100,121.47415500,'中央北路四段262號對面人行道','No.262, Sec. 4, Zhongyang N. Rd. (opposite)',39,1,'2020-12-30 20:58:54','2020-12-30 23:52:02'),
	(234,'永欣綠地','Beitou Dist.',38,14,11,'2020-12-31 07:50:25',25.12416200,121.52607100,'行義路1號對面停車場','No.1, Xingyi Rd. (opposite)',24,1,'2020-12-30 20:58:54','2020-12-30 23:52:02'),
	(235,'市民東興路口','Songshan Dist.',30,6,3,'2020-12-31 07:50:23',25.04846000,121.56592800,'市民大道五段193號前方人行道(鄰近台北機廠)','No.193, Sec. 5, Civic Blvd.',24,1,'2020-12-30 20:58:54','2020-12-30 23:52:02'),
	(236,'關渡自然公園','Beitou Dist.',36,18,11,'2020-12-31 07:50:27',25.11929200,121.46913800,'關渡路68號對面人行道','No.68, Guandu Rd. (opposite)',18,1,'2020-12-30 20:58:55','2020-12-30 23:52:02'),
	(237,'文山第二行政中心','Wenshan Dist.',38,15,7,'2020-12-31 07:50:42',25.00114900,121.55141800,'興隆路二段130巷30號對面人行道','No.30, Ln. 130, Sec. 2, Xinglong Rd. (opposite)',22,1,'2020-12-30 20:58:55','2020-12-30 23:52:02'),
	(238,'瑞湖陽光街口','Neihu Dist.',32,9,10,'2020-12-31 07:50:16',25.07311900,121.57596500,'瑞湖街101號對面人行道','No.101, Ruihu St. (opposite)',23,1,'2020-12-30 20:58:55','2020-12-30 23:52:02'),
	(239,'新明路262巷口','Neihu Dist.',18,5,10,'2020-12-31 07:50:36',25.05664100,121.58340300,'新明路/新明路262巷口(東側)','Xinming Rd. / Ln. 262., Xinming Rd.',13,1,'2020-12-30 20:58:55','2020-12-30 23:52:02'),
	(240,'南京建國路口','Zhongshan Dist.',58,0,5,'2020-11-02 23:01:53',25.05214100,121.53680200,'南京東路二段/建國北路二段(北側)(鄰近袖珍博物館)','Sec. 2, Nanjing E. Rd./Sec. 2, Jianguo N. Rd.',0,1,'2020-12-30 20:58:55','2020-12-30 23:52:02'),
	(241,'林口公園','Xinyi Dist.',38,23,1,'2020-12-31 07:50:39',25.03894300,121.57914600,'林口街72號對面公園(林口公園)','No.72, Linkou St. (opposite)',15,1,'2020-12-30 20:58:55','2020-12-30 23:52:02'),
	(242,'關渡宮','Beitou Dist.',40,23,11,'2020-12-31 07:50:34',25.11747200,121.46316100,'大度路三段301巷223-5號西北側停車場(鄰近關渡宮)','No.223-5, Sec. 3, Dadu Rd.',16,1,'2020-12-30 20:58:56','2020-12-30 23:52:02'),
	(243,'社子公園','Shilin Dist.',30,9,12,'2020-12-31 07:50:28',25.09020200,121.50621900,'永平街20巷37弄/永平街20巷11弄(社子公園南側)','Aly. 37, Ln. 20, Yongping St./Aly. 11, Ln. 20, Yongping St.',20,1,'2020-12-30 20:58:56','2020-12-30 23:52:02'),
	(244,'復興市民路口','Zhongshan Dist.',46,16,5,'2020-12-31 07:50:31',25.04590800,121.54373600,'復興南路一段36-9號前人行道(復興市民路口)(鄰近微風廣場/黑松世界)','No.36-9, Sec. 1, Fuxing S. Rd.',29,1,'2020-12-30 20:58:56','2020-12-30 23:52:02'),
	(245,'捷運中山國中站','Zhongshan Dist.',44,8,5,'2020-12-31 07:50:21',25.06063200,121.54402800,'復興北路370號前方人行道(捷運中山國中站)','No.370, Fuxing N. Rd.',36,1,'2020-12-30 20:58:57','2020-12-30 23:52:02'),
	(246,'國立故宮博物院','Shilin Dist.',40,7,12,'2020-12-31 07:50:44',25.09874300,121.54808600,'至善路二段155號對面停車場(鄰近至德園)','No.155, Sec. 2, Zhishan Rd.(oppsite)',33,1,'2020-12-30 20:58:57','2020-12-30 23:52:02'),
	(247,'木柵公園','Wenshan Dist.',34,5,7,'2020-12-31 07:50:38',24.98714400,121.56062700,'興隆路四段50號前人行道(木柵公園)','No.50, Sec. 4, Xinglong Rd.',28,1,'2020-12-30 20:58:57','2020-12-30 23:52:02'),
	(248,'喬治工商','Daan Dist.',32,18,2,'2020-12-31 07:50:44',25.02712300,121.55556600,'基隆路二段166號前(喬治工商)','No.166, Sec. 2, Keelung Rd.',14,1,'2020-12-30 20:58:57','2020-12-30 23:52:02'),
	(249,'中華桂林路口','Wanhua Dist.',32,18,8,'2020-12-31 07:50:29',25.03770600,121.50662400,'中華路一段206號前方廣場(鄰近國軍歷史文物館)','No.206, Sec. 1, Zhonghua Rd.',14,1,'2020-12-30 20:58:58','2020-12-30 23:52:02'),
	(250,'忠孝東路三段217巷口','Daan Dist.',38,13,2,'2020-12-31 07:50:20',25.04184000,121.53987300,'忠孝東路三段221號前方人行道','No.221, Sec. 3, Zhongxiao E. Rd.',25,1,'2020-12-30 20:58:58','2020-12-30 23:52:02'),
	(251,'華齡公園','Shilin Dist.',36,22,12,'2020-12-31 07:50:17',25.08302300,121.52069200,'劍潭路80對面公園(華齡公園)','No.80, Jiantan Rd.(oppsite)',14,1,'2020-12-30 20:58:58','2020-12-30 23:52:02'),
	(252,'大安運動中心','Daan Dist.',34,1,2,'2020-12-31 07:50:40',25.02054400,121.54560800,'辛亥路三段55號前方人行道(大安運動中心)(鄰近國立臺北教育大學)','No.55, Sec. 3, Xinhai Rd.',32,1,'2020-12-30 20:58:58','2020-12-30 23:52:02'),
	(253,'芝山抽水站','Shilin Dist.',34,20,12,'2020-12-31 07:50:43',25.10142300,121.52799000,'至誠路二段80號對面人行道(芝山抽水站)(鄰近雙溪生活水岸自行車道)','No.80, Sec. 2, Zhicheng Rd.(oppsite)',13,1,'2020-12-30 20:58:58','2020-12-30 23:52:02'),
	(254,'立功立德路口','Beitou Dist.',58,12,11,'2020-12-31 07:50:19',25.12537700,121.47148200,'立功街/立德路(西南側人行道)','Ligong St./Lide Rd.',46,1,'2020-12-30 20:58:59','2020-12-30 23:52:02'),
	(255,'光復南路22巷口','Songshan Dist.',30,22,3,'2020-12-31 07:50:19',25.04691400,121.55767400,'光復南路23號對面人行道','No.23, Guangfu S. Rd.(oppsite)',8,1,'2020-12-30 20:58:59','2020-12-30 23:52:02'),
	(256,'中山中正路口','Shilin Dist.',40,20,12,'2020-12-31 07:50:38',25.09650700,121.52752600,'中山北路五段609-625號前人行道(中山中正路口)(鄰近福林公園)','No.609 to No.625, Sec. 5, Zhongshan N. Rd.',17,1,'2020-12-30 20:58:59','2020-12-30 23:52:02'),
	(257,'錦德公園','Wanhua Dist.',34,21,8,'2020-12-31 07:50:24',25.02331600,121.49263700,'德昌街243號對面公園(錦德公園)','No.243, Dechang St.(oppsite)',13,1,'2020-12-30 20:58:59','2020-12-30 23:52:02'),
	(258,'聯合醫院中興院區','Datong Dist.',40,10,9,'2020-12-31 07:50:19',25.05209600,121.50797900,'長安西路299-2號對面人行道(鄰近海關博物館)','No.299-2, Chang’an W. Rd.(oppsite)',29,1,'2020-12-30 20:59:00','2020-12-30 23:52:02'),
	(259,'南京遼寧街口','Zhongshan Dist.',36,15,5,'2020-12-31 07:50:20',25.05176100,121.54216800,'南京東路三段189號對面(南京遼寧街口東南側)(鄰近遼寧夜市)','No.189, Sec. 3, Nanjing E. Rd.(oppsite)',21,1,'2020-12-30 20:59:00','2020-12-30 23:52:02'),
	(260,'民權瑞光路口','Neihu Dist.',36,13,10,'2020-12-31 07:50:22',25.06861600,121.58399100,'民權東路六段50號前人行道','No.50, Sec. 6, Minquan E. Rd.',21,1,'2020-12-30 20:59:01','2020-12-30 23:52:02'),
	(261,'健康新城','Songshan Dist.',44,18,3,'2020-12-31 07:50:41',25.05409500,121.56092800,'健康路177號前人行道(健康新城)','No.177, Jiankang Rd.',24,1,'2020-12-30 20:59:01','2020-12-30 23:52:02'),
	(262,'永安藝文館-表演36房','Wenshan Dist.',28,17,7,'2020-12-31 07:50:43',24.98414400,121.56906400,'木新路二段156號前人行道(永安市場)','No.156, Sec. 2, Muxin Rd.',10,1,'2020-12-30 20:59:01','2020-12-30 23:52:02'),
	(263,'至善臨溪路口','Shilin Dist.',38,5,12,'2020-12-31 07:50:36',25.09710300,121.54215300,'至善路一段/臨溪路(東南側)','Sec. 1, Zhishan Rd./ Linxi Rd. intersection',33,1,'2020-12-30 20:59:01','2020-12-30 23:52:02'),
	(264,'秀山區民活動中心','Beitou Dist.',28,23,11,'2020-12-31 07:50:17',25.14593600,121.49300900,'秀山路50號北側道路路側','No.50, Xiushan Rd.',4,1,'2020-12-30 20:59:02','2020-12-30 23:52:02'),
	(265,'中央北路四段30巷口','Beitou Dist.',30,21,11,'2020-12-31 07:50:39',25.13539400,121.47800000,'中央北路四段30巷8號對面路側(鄰近北投行天宮)','No.8, Ln. 30, Sec. 4, Zhongyang N. Rd.',9,1,'2020-12-30 20:59:02','2020-12-30 23:52:03'),
	(266,'洲子一號公園','Neihu Dist.',34,8,10,'2020-12-31 07:50:15',25.08025800,121.56480600,'基湖路32號南側公園','No.32, Jihu Rd.',26,1,'2020-12-30 20:59:02','2020-12-30 23:52:03'),
	(267,'八德中坡路口','Nangang Dist.',38,9,4,'2020-12-31 07:50:38',25.05062000,121.58019400,'八德路四段869號前方人行道(鄰近饒河街夜市)','No.869, Sec. 4, Bade Rd.',28,1,'2020-12-30 20:59:02','2020-12-30 23:52:03'),
	(268,'南港高工','Nangang Dist.',30,10,4,'2020-12-31 07:50:19',25.05665500,121.60705500,'興中路29號前方人行道','No.29, Xingzhong Rd.',20,1,'2020-12-30 20:59:02','2020-12-30 23:52:03'),
	(269,'三軍總醫院','Neihu Dist.',30,12,10,'2020-12-31 07:50:34',25.07072300,121.59030400,'成功路二段/成功路二段323巷東北角人行道(鄰近防災科學教育館)','Sec. 2, Chenggong Rd./Ln. 323, Sec. 2, Chenggong Rd.(Intersection)',17,1,'2020-12-30 20:59:03','2020-12-30 23:52:03'),
	(270,'雨農國小','Shilin Dist.',34,25,12,'2020-12-31 07:50:43',25.10542900,121.52921700,'忠義街6號對面人行道(雨農國小)(鄰近芝山岩/芝山巖惠濟宮/芝山文化生態綠園)','No.6, Zhongyi St.(oppsite)',8,1,'2020-12-30 20:59:03','2020-12-30 23:52:03'),
	(271,'伊通長安路口','Zhongshan Dist.',28,10,5,'2020-12-31 07:50:18',25.04833400,121.53469300,'伊通街/長安東路二段(交叉口西南側路側)(鄰近袖珍博物館/樹火紀念紙博物館)','Yitong St./Sec. 2, Chang’an E. Rd. intersection(Southwest)',18,1,'2020-12-30 20:59:03','2020-12-30 23:52:03'),
	(272,'忠順區民活動中心','Wenshan Dist.',32,9,7,'2020-12-31 07:50:34',24.98470700,121.56312500,'忠順街二段22號前方人行道(忠順區民活動中心)','No.22, Sec. 2, Zhongshun St.',23,1,'2020-12-30 20:59:03','2020-12-30 23:52:03'),
	(273,'芝山國小','Shilin Dist.',38,15,12,'2020-12-31 07:50:20',25.11043700,121.53595400,'德行東路/德行東路283巷東北角人行道(芝山國小)','Dexing E. Rd./Ln. 283, Dexing E. Rd.Intersection(northeast)',22,1,'2020-12-30 20:59:03','2020-12-30 23:52:03'),
	(274,'扶輪親恩公園','Neihu Dist.',34,6,10,'2020-12-31 07:50:45',25.06699700,121.57983300,'民權東路六段13之15號對面人行道(民權大橋)(鄰近華生水水體驗館)','No.13-15, Sec. 6, Minquan E. Rd.',28,1,'2020-12-30 20:59:04','2020-12-30 23:52:03'),
	(275,'西本願寺廣場','Wanhua Dist.',58,43,8,'2020-12-31 07:50:19',25.04098800,121.50768800,'中華路一段/長沙街二段路口西南側人行道(西本願寺)(鄰近國軍歷史文物館/中山堂/西門紅樓)','Sec. 1, Zhonghua Rd./Sec. 2, Changsha St. intersection(Southwest)',13,1,'2020-12-30 20:59:04','2020-12-30 23:52:03'),
	(276,'三興公園','Xinyi Dist.',38,25,1,'2020-12-31 07:50:22',25.02867900,121.55932000,'吳興街118巷35弄28號前方(三興公園)','No.28, Aly. 35, Ln. 118, Wuxing St.',12,1,'2020-12-30 20:59:04','2020-12-30 23:52:03'),
	(277,'中山堂','Zhongzheng Dist.',32,5,6,'2020-12-31 07:50:34',25.04409100,121.51025000,'延平南路/武昌街一段東南角人行道(延平武昌街口)(鄰近中山堂/西門町)','Yanping S. Rd./Sec. 1, Wuchang St. intersection(southeast)',26,1,'2020-12-30 20:59:04','2020-12-30 23:52:03'),
	(278,'明美公園','Neihu Dist.',32,8,10,'2020-12-31 07:50:38',25.06255700,121.58606500,'石潭路/南京東路六段451巷口西南人行道綠帶(明美公園)','Shitan Rd./Ln. 451, Sec. 6, Nanjing E. Rd. intersection(southwest)',24,1,'2020-12-30 20:59:04','2020-12-30 23:52:03'),
	(279,'南港車站(興華路)','Nangang Dist.',48,23,4,'2020-12-31 07:50:22',25.05343200,121.60633100,'市民大道八段/興華路口西北側人行道(鄰近南港高鐵站)','Sec. 8, Civic Blvd./Xinghua Rd. intersection',25,1,'2020-12-30 20:59:05','2020-12-30 23:52:03'),
	(280,'士林新天地','Shilin Dist.',28,21,12,'2020-12-31 07:50:24',25.08903400,121.51732000,'大南路325號前方人行道','No.325, Danan Rd.',7,1,'2020-12-30 20:59:05','2020-12-30 23:52:03'),
	(281,'松江公園','Zhongshan Dist.',32,14,5,'2020-12-31 07:49:23',25.05024500,121.53272500,'松江路/松江路84巷(西北側路側)(鄰近樹火紀念紙博物館)','Songjiang Rd./Ln. 84, Songjiang Rd. intersecton',18,1,'2020-12-30 20:59:05','2020-12-30 23:52:03'),
	(282,'富台公園','Xinyi Dist.',30,8,1,'2020-12-31 07:50:31',25.04193500,121.57199900,'松信路209號前人行道','No.209, Songxin Rd.',22,1,'2020-12-30 20:59:05','2020-12-30 23:52:03'),
	(283,'中央北路四段540巷口','Beitou Dist.',32,17,11,'2020-12-31 07:50:23',25.12795900,121.46770000,'中央北路四段529號對面','No.529, Sec. 4, Zhongyang N. Rd.',15,1,'2020-12-30 20:59:05','2020-12-30 23:52:03'),
	(284,'華聲公園','Shilin Dist.',44,22,12,'2020-12-31 07:50:19',25.09616600,121.52209600,'華聲街17號南側路側(全聯)','No.17, Huasheng St.',21,1,'2020-12-30 20:59:06','2020-12-30 23:52:03'),
	(285,'螢橋國小','Zhongzheng Dist.',40,23,6,'2020-12-31 07:50:39',25.02596600,121.51377000,'泉州街32號對面人行道(螢橋國小)','No.32, Quanzhou St.(oppsite)',16,1,'2020-12-30 20:59:06','2020-12-30 23:52:03'),
	(286,'德明財經科技大學','Neihu Dist.',44,8,10,'2020-12-31 07:49:41',25.08637200,121.56571300,'環山路一段56號對面(德明財經科技大學)','No.56, Sec. 1, Huanshan Rd.',26,1,'2020-12-30 20:59:07','2020-12-30 23:52:03'),
	(287,'第二果菜批發市場','Zhongshan Dist.',40,31,5,'2020-12-31 07:50:22',25.06642400,121.53735400,'民族東路410巷1號 對面 遷到 民族東路410巷2弄20號 東側','The E. side of  No. 20, Aly. 2, Ln. 410, Minzu E. Rd.',8,1,'2020-12-30 20:59:07','2020-12-30 23:52:03'),
	(288,'濟南紹興路口','Zhongzheng Dist.',62,12,6,'2020-12-31 07:50:38',25.04192800,121.52459100,'濟南路一段/紹興南街口東南側(鄰近蝴蝶宮昆蟲博物館/國立台北商業技術學院)','Sec. 1, Jinan Rd / Shaoxing S. St. ( Southeast )',49,1,'2020-12-30 20:59:07','2020-12-30 23:52:03'),
	(289,'牯嶺公園','Zhongzheng Dist.',44,30,6,'2020-12-31 07:50:27',25.02337700,121.51883500,'廈門街113巷/牯嶺街口西側','Xiamen St. / Guling St. ( East )',11,1,'2020-12-30 20:59:07','2020-12-30 23:52:03'),
	(290,'新生公園','Zhongshan Dist.',26,8,5,'2020-12-31 07:50:28',25.06838700,121.53018800,'民族東路/吉林路口(西北側)(鄰近花博公園新生園區)','Minzu E. Rd. / Jilin Rd. ( Northwest )',18,1,'2020-12-30 20:59:08','2020-12-30 23:52:03'),
	(291,'捷運松山站(3號出口)','Songshan Dist.',50,14,3,'2020-12-31 07:50:26',25.04961600,121.57745900,'松山路/市民大道六段(西北側捷運3號出口)(鄰近饒河街夜市/彩虹橋)','Songshan Rd. / Sec. 6, Civic Blvd. ( Northwest ) MRT Ex.3',35,1,'2020-12-30 20:59:09','2020-12-30 23:52:03'),
	(292,'合心廣場','Nangang Dist.',40,8,4,'2020-12-31 07:50:31',25.04636100,121.58284800,'玉成街80號(對面)','No.80, Yucheng St.(oppsite)',31,1,'2020-12-30 20:59:09','2020-12-30 23:52:03'),
	(293,'自來水園區','Zhongzheng Dist.',40,4,6,'2020-12-31 07:50:29',25.01328400,121.53003700,'中正區思源街16號對面人行道(鄰近自來水博物館/自來水園區)','No.16, Siyuan St.(oppsite)',36,1,'2020-12-30 20:59:10','2020-12-30 23:52:03'),
	(294,'朱崙商場','Zhongshan Dist.',36,6,5,'2020-12-31 07:50:21',25.04761700,121.54043100,'龍江路15號前方人行道(鄰近遼寧夜市)','No.15, Longjiang Rd.',30,1,'2020-12-30 20:59:10','2020-12-30 23:52:03'),
	(295,'敦親公園','Daan Dist.',26,10,2,'2020-12-31 07:50:35',25.02347300,121.54108300,'和平東路二段96巷8之1號(前方)(鄰近資訊科學展示中心)','No.8-1, Ln. 96, Sec. 2, Heping E. Rd.',15,1,'2020-12-30 20:59:10','2020-12-30 23:52:03'),
	(296,'萬和二號公園','Wenshan Dist.',32,18,7,'2020-12-31 07:50:42',25.00154500,121.53644600,'萬隆街255號(對面)','No.255, Wanlong St.(oppsite)',14,1,'2020-12-30 20:59:10','2020-12-30 23:52:03'),
	(297,'長沙公園','Wanhua Dist.',26,12,8,'2020-12-31 07:50:30',25.04170200,121.49992200,'環河南路一段280號之1(東側)(鄰近艋舺青山宮)','No.280-1, Sec. 1, Huanhe S. Rd.',14,1,'2020-12-30 20:59:10','2020-12-30 23:52:03'),
	(298,'太原五原路口','Datong Dist.',32,20,9,'2020-12-31 07:50:44',25.05645800,121.51697600,'太原路 / 五原路口(東南側)(鄰近寧夏夜市)','Taiyuan Rd. / Wuyuan Rd. Intersection',12,1,'2020-12-30 20:59:11','2020-12-30 23:52:03'),
	(299,'萬華國中','Wanhua Dist.',32,3,8,'2020-12-31 07:50:28',25.02926400,121.49935800,'西藏路 / 莒光路299巷口(東南側)','Xizang Rd. / Ln. 299, Juguang Rd. Intersection',29,1,'2020-12-30 20:59:11','2020-12-30 23:52:03'),
	(300,'信義基隆路口','Xinyi Dist.',28,2,1,'2020-12-31 07:50:29',25.03320900,121.55873100,'信義路四段401號(前方)(鄰近台北國際會議中心)','No.401, Sec. 4, Xinyi Rd.',26,1,'2020-12-30 20:59:11','2020-12-30 23:52:03'),
	(301,'林森長春路口','Zhongshan Dist.',28,1,5,'2020-12-31 07:50:39',25.05506200,121.52538300,'林森北路/長春路口西北角人行道(林森長春路口)(鄰近林森公園/康樂公園)','Linsen N. Rd. / Changchun Rd. Intersetion',26,1,'2020-12-30 20:59:11','2020-12-30 23:52:03'),
	(302,'敦北公園','Songshan Dist.',40,5,3,'2020-12-31 07:50:32',25.06074600,121.55071100,'敦化北路 / 富錦街口(東北側)','Dunhua N. Rd. / Fujin St. Intersection',35,1,'2020-12-30 20:59:11','2020-12-30 23:52:03'),
	(303,'安泰街83巷','Neihu Dist.',34,17,10,'2020-12-31 07:49:24',25.07669100,121.61708500,'安泰街83巷3號對面','No.3, Ln. 83, Antai St. ( oppsite )',16,1,'2020-12-30 20:59:12','2020-12-30 23:52:03'),
	(304,'金華公園','Daan Dist.',32,11,2,'2020-12-31 07:50:30',25.02990200,121.53123500,'金華街251號對面(金華公園)(鄰近永康街)','No.251, Jinhua St.',21,1,'2020-12-30 20:59:12','2020-12-30 23:52:03'),
	(305,'碧山公園','Neihu Dist.',46,24,10,'2020-12-31 07:50:44',25.08741300,121.59225300,'內湖路三段60巷8弄1號(東南側)','No.1, Aly. 8, Ln. 60, Sec. 3, Neihu Rd.',20,1,'2020-12-30 20:59:12','2020-12-30 23:52:03'),
	(306,'捷運古亭站(6號出口)','Daan Dist.',52,16,2,'2020-12-31 07:50:42',25.02778100,121.52198000,'羅斯福路二段 / 羅斯福路二段15巷口(西側)','Sec. 2, Roosevelt Rd. / Ln. 15, Sec. 2, Roosevelt Rd.',33,1,'2020-12-30 20:59:12','2020-12-30 23:52:03'),
	(307,'仁愛安和路口','Daan Dist.',30,7,2,'2020-12-31 07:50:33',25.03757000,121.55207600,'仁愛路四段 / 仁愛路四段222巷(東南側)','Sec. 4, Ren’ai Rd. / Ln. 222, Sec. 4, Ren’ai Rd.',23,1,'2020-12-30 20:59:12','2020-12-30 23:52:03'),
	(308,'西松高中','Songshan Dist.',30,19,3,'2020-12-31 07:50:29',25.05567200,121.56712700,'健康路325巷 / 健康路325巷12弄口(東北側)','Ln. 325, Jiankang Rd. / Aly. 12, Ln. 325, Jiankang Rd. ',11,1,'2020-12-30 20:59:13','2020-12-30 23:52:03'),
	(309,'三軍總醫院(松山分院)','Songshan Dist.',38,6,3,'2020-12-31 07:50:37',25.05447000,121.55609800,'光復北路 / 光復北路190巷口(東南側)','Guangfu N. Rd. / Ln. 190, Guangfu N. Rd.',29,1,'2020-12-30 20:59:13','2020-12-30 23:52:03'),
	(310,'國立臺北大學(臺北校區)','Zhongshan Dist.',32,4,5,'2020-12-31 07:50:19',25.05792300,121.54273200,'民生東路三段 / 復興北路280巷10弄口(西北側)','Sec. 3, Minsheng E. Rd. / Aly. 10, Ln. 280, Fuxing N. Rd.',28,1,'2020-12-30 20:59:13','2020-12-30 23:52:03'),
	(311,'捷運忠孝新生站(2號出口)','Zhongzheng Dist.',30,10,6,'2020-12-31 07:50:40',25.04239200,121.53222900,'忠孝東路二段123號對面(捷運忠孝新生站2號出口)(鄰近光華數位新天地(光華商場))','No.123, Sec. 2, Zhongxiao E. Rd.(oppsite)',16,1,'2020-12-30 20:59:13','2020-12-30 23:52:03'),
	(312,'捷運信義安和站(1號出口)','Daan Dist.',34,0,2,'2020-12-31 07:50:34',25.03332300,121.55278700,'信義路四段 / 安和路一段口(東北側)','Sec. 4, Xinyi Rd. / Sec. 1, Anhe Rd.',34,1,'2020-12-30 20:59:13','2020-12-30 23:52:03'),
	(313,'光華商場','Zhongzheng Dist.',64,7,6,'2020-12-31 07:50:39',25.04515000,121.53273800,'市民大道三段/新生北路一段路口西南側人行道(光華商場)(鄰近光華數位新天地(光華商場)/三創生活園區)','Sec. 3, Civic Blvd. / Sec. 1, Xinsheng N. Rd. intersection',51,1,'2020-12-30 20:59:14','2020-12-30 23:52:03'),
	(314,'敦化長春路口','Songshan Dist.',34,10,3,'2020-12-31 07:50:28',25.05361400,121.54872000,'敦化北路 / 敦化北路120巷口(西南側)(鄰近臺北小巨蛋)','Dunhua N. Rd. / Ln. 120, Dunhua N. Rd.',24,1,'2020-12-30 20:59:14','2020-12-30 23:52:03'),
	(315,'捷運萬隆站(1號出口)','Wenshan Dist.',38,9,7,'2020-12-31 07:50:24',25.00144700,121.53903700,'羅斯福路五段 / 羅斯福路五段236巷口(南側)','Sec. 5, Roosevelt Rd. / Ln. 236, Sec. 5, Roosevelt Rd. intersection',27,1,'2020-12-30 20:59:14','2020-12-30 23:52:03'),
	(316,'民有一號公園','Songshan Dist.',34,14,3,'2020-12-31 07:50:33',25.06091100,121.54763000,'敦化北路244巷 / 民權東路三段160巷口(西南側)','Ln. 244, Dunhua N. Rd. / Ln. 160, Sec. 3, Minquan E. Rd. intersection',20,1,'2020-12-30 20:59:14','2020-12-30 23:52:03'),
	(317,'雙園國中','Wanhua Dist.',30,13,8,'2020-12-31 07:50:31',25.02682300,121.49167500,'西園路二段320巷 / 興義街(西北側)','Ln. 320, Sec. 2, Xiyuan Rd. / Xingyi St. intersection',17,1,'2020-12-30 20:59:14','2020-12-30 23:52:03'),
	(318,'成功金龍路口','Neihu Dist.',30,5,10,'2020-12-31 07:50:27',25.08413500,121.59484000,'成功路四段/金龍路口(捷運內湖站1號出口)','Sec. 4, Chenggong Rd. / Jinlong Rd. intersection',25,1,'2020-12-30 20:59:15','2020-12-30 23:52:03'),
	(319,'民族林森路口','Zhongshan Dist.',38,21,5,'2020-12-31 07:50:18',25.06850700,121.52532200,'民族東路 / 林森北路口(西北側)(鄰近花博公園美術園區)','Minzu E. Rd. / Linsen N. Rd. intersection',17,1,'2020-12-30 20:59:15','2020-12-30 23:52:03'),
	(320,'捷運南京三民站(3號出口)','Songshan Dist.',28,8,3,'2020-12-31 07:50:29',25.05128700,121.56426200,'南京東路五段204號(前方)','No.204, Sec. 5, Nanjing E. Rd.',19,1,'2020-12-30 20:59:15','2020-12-30 23:52:03'),
	(321,'莒光大埔街口','Zhongzheng Dist.',32,17,6,'2020-12-31 07:50:30',25.03133400,121.50508500,'莒光路/大埔街口東北側(莒光大埔街口)(鄰近南機場夜市)','Juguang Rd. / Dapu St. intersetion',15,1,'2020-12-30 20:59:15','2020-12-30 23:52:03'),
	(322,'永盛公園(民生東路一段23巷)','Zhongshan Dist.',30,10,5,'2020-12-31 07:50:27',25.05883500,121.52504000,'民生東路一段23巷 / 民生東路一段27巷口(北側)','',20,1,'2020-12-30 20:59:16','2020-12-30 23:52:03'),
	(323,'新興公園','Zhongshan Dist.',26,12,5,'2020-12-31 07:50:17',25.06156800,121.52439200,'錦州街13巷 / 中山北路二段137巷口(東南側)(鄰近雙城街夜市)','Ln. 13, Jinzhou St. / Ln. 137, Sec. 2, Zhongshan N. Rd.',14,1,'2020-12-30 20:59:16','2020-12-30 23:52:03'),
	(324,'市立圖書館葫蘆堵分館','Shilin Dist.',24,10,12,'2020-12-31 07:50:25',25.08221000,121.51080000,'延平北路5段136巷4號對面','No.4, Ln. 136, Sec. 5, Zhongshan N. Rd.(oppsite)',14,1,'2020-12-30 20:59:16','2020-12-30 23:52:03'),
	(325,'南京東路六段368巷','Neihu Dist.',40,17,10,'2020-12-31 07:50:37',25.05827000,121.58707000,'南京東路六段368巷30號對面人行道','No.30, Ln. 368, Sec. 6, Nanjing E. Rd.',23,1,'2020-12-30 20:59:16','2020-12-30 23:52:03'),
	(326,'基隆路一段101巷口','Xinyi Dist.',30,11,1,'2020-12-31 07:49:28',25.04525000,121.56709000,'基隆路一段 / 基隆路一段101巷口(東南側)','Sec. 1, Keelung Rd. /  Ln. 101, Sec. 1, Keelung Rd. (intersection)',18,1,'2020-12-30 20:59:16','2020-12-30 23:52:03'),
	(327,'重慶南海路口','Zhongzheng Dist.',24,3,6,'2020-12-31 07:50:45',25.03158000,121.51464000,'重慶南路二段45號前方(郵政博物館前)(鄰近郵政博物館/國立台灣藝術教育館)','No.45, Sec. 2, Chongqing S. Rd.',21,1,'2020-12-30 20:59:17','2020-12-30 23:52:03'),
	(328,'一江公園','Zhongshan Dist.',36,17,5,'2020-12-31 07:50:40',25.05316000,121.53146000,'一江街 / 松江路132巷口(西北側)(鄰近四平陽光商圈)','Yijiang St. /  Ln. 132, Songjiang Rd. intersection',19,1,'2020-12-30 20:59:17','2020-12-30 23:52:03'),
	(329,'樂群二明水路口','Zhongshan Dist.',34,3,5,'2020-12-31 07:50:34',25.07983000,121.55236000,'樂群二路 / 明水路口(東側)','Lequn 2nd Rd. / Mingshui Rd. intersetion',31,1,'2020-12-30 20:59:17','2020-12-30 23:52:03'),
	(330,'迪化休閒運動公園','Datong Dist.',28,14,9,'2020-12-31 07:50:35',25.07491000,121.51150000,'延平北路四段200號(南側)','No.200, Sec. 4, Yanping N. Rd.',11,1,'2020-12-30 20:59:17','2020-12-30 23:52:03'),
	(331,'民族玉門街口','Zhongshan Dist.',34,10,5,'2020-12-31 07:50:43',25.06859000,121.51974000,'民族西路 / 民族西路31巷口(東北側)(鄰近大同大學/花博公園圓山園區/花博圓山公園區-爭艷館/中山親子館)','Minsheng W. Rd. / Ln. 31, Minsheng W. Rd. intersection',24,1,'2020-12-30 20:59:17','2020-12-30 23:52:03'),
	(332,'捷運中山站(2號出口)','Zhongshan Dist.',34,16,5,'2020-12-31 07:50:20',25.05225000,121.52193000,'南京西路6號(前方)(鄰近台北之家(光點台北))','No.6, Nanjing W. Rd.',15,1,'2020-12-30 20:59:18','2020-12-30 23:52:03'),
	(333,'復盛公園','Songshan Dist.',28,21,3,'2020-12-31 07:50:27',25.04742800,121.56118200,'八德路四段106巷6弄2號(東側)(鄰近京華城/中保寶貝城(BabyBoss City)/台北機廠)','No.2, Aly. 6, Ln. 106, Sec. 4, Bade Rd.',7,1,'2020-12-30 20:59:18','2020-12-30 23:52:03'),
	(334,'敦化南路二段103巷口','Daan Dist.',24,6,2,'2020-12-31 07:49:16',25.02897300,121.54902400,'敦化南路二段97-101號(西側)','No.97, Sec. 2, Dunhua S. Rd.',18,1,'2020-12-30 20:59:18','2020-12-30 23:52:03'),
	(335,'景文中學','Wenshan Dist.',32,5,7,'2020-12-31 07:50:33',24.98630100,121.56785500,'保儀路/木柵路三段102巷口(西南側)','Baoyi Rd. / Ln. 102, Sec. 3, Muzha Rd. ( Intersection )',27,1,'2020-12-30 20:59:18','2020-12-30 23:52:03'),
	(336,'承德路三段8巷口','Datong Dist.',22,9,9,'2020-12-31 07:50:44',25.06382000,121.51815000,'承德路三段12號(前方)','No.12, Sec. 3, Chengde Rd.',12,1,'2020-12-30 20:59:18','2020-12-30 23:52:03'),
	(337,'彩虹橋','Neihu Dist.',30,24,10,'2020-12-31 07:50:24',25.05301000,121.57592000,'潭美街27號西側(行善公園東南角)(鄰近饒河街夜市/彩虹橋)','No.27, Tanmei St.',6,1,'2020-12-30 20:59:19','2020-12-30 23:52:03'),
	(338,'成德國中','Nangang Dist.',32,12,4,'2020-12-31 07:50:17',25.04573000,121.58794000,'東新街108巷10之1號(西側)','No.10-1, Ln. 108, Dongxin St.',20,1,'2020-12-30 20:59:19','2020-12-30 23:52:03'),
	(339,'重慶國中','Datong Dist.',34,6,9,'2020-12-31 07:50:29',25.07581000,121.51816000,'敦煌路68號(北側)','No.68, Dunhuang Rd.',28,1,'2020-12-30 20:59:19','2020-12-30 23:52:03'),
	(340,'南京光復路口','Songshan Dist.',22,9,3,'2020-12-31 07:50:41',25.05143000,121.55716000,'南京東路四段182號(北側)','No.182, Sec. 4, Nanjing E. Rd.',13,1,'2020-12-30 20:59:19','2020-12-30 23:52:03'),
	(341,'捷運芝山站(1號出口)','Shilin Dist.',38,15,12,'2020-12-31 07:50:34',25.10094000,121.52243000,'文林路 / 福華路口(東側)','Wenlin Rd. / Fuhua Rd. Intersection',23,1,'2020-12-30 20:59:19','2020-12-30 23:52:03'),
	(342,'文林建民路口','Beitou Dist.',30,19,11,'2020-12-31 07:50:41',25.10779000,121.51468000,'文林北路224-238號(東南側)','No.224 - 238, Wenlin N. Rd.',11,1,'2020-12-30 20:59:20','2020-12-30 23:52:03'),
	(343,'忠孝東路六段185巷口','Nangang Dist.',30,15,4,'2020-12-31 07:50:23',25.04904000,121.58755000,'忠孝東路六段187號(東南側)','No.187, Sec. 6, Zhongxiao E. Rd.',15,1,'2020-12-30 20:59:20','2020-12-30 23:52:03'),
	(344,'捷運忠孝復興站(5號出口)','Daan Dist.',42,21,2,'2020-12-31 07:50:36',25.04264000,121.54401000,'復興南路一段133號(西南側)(鄰近東區地下街)','No.133, Sec. 1, Fuxing S. Rd.',21,1,'2020-12-30 20:59:20','2020-12-30 23:52:03'),
	(345,'中正運動中心','Zhongzheng Dist.',52,8,6,'2020-12-31 07:50:19',25.03806000,121.51943000,'信義路一段1號(西側)(鄰近臺北市青少年發展處/中正親子館)','No.1, Sec. 1, Xinyi Rd.',44,1,'2020-12-30 20:59:21','2020-12-30 23:52:03'),
	(346,'陽明高中','Shilin Dist.',36,12,12,'2020-12-31 07:50:26',25.09157000,121.51669000,'中正路510號(西南側)','No.510, Zhongzheng Rd.',23,1,'2020-12-30 20:59:21','2020-12-30 23:52:03'),
	(347,'博愛寶慶路口','Zhongzheng Dist.',26,6,6,'2020-12-31 07:50:30',25.04134000,121.51135000,'博愛路 / 寶慶路口(西北側)(鄰近總統府/中山堂)','Bo’ai Rd. / Baoqing Rd. intersection',20,1,'2020-12-30 20:59:21','2020-12-30 23:52:03'),
	(348,'民生立體停車場','Songshan Dist.',24,9,3,'2020-12-31 07:50:38',25.05852200,121.55942000,'民生東路五段82號(東側)','No.82, Sec. 5, Minsheng E. Rd.',15,1,'2020-12-30 20:59:21','2020-12-30 23:52:03'),
	(349,'重慶酒泉街口','Datong Dist.',28,14,9,'2020-12-31 07:50:22',25.07183000,121.51364000,'重慶北路三段272號(東側)(鄰近保安宮)','No.272, Sec. 3, Chongqing N. Rd.',14,1,'2020-12-30 20:59:22','2020-12-30 23:52:03'),
	(350,'復興南路二段128巷口','Daan Dist.',32,11,2,'2020-12-31 07:50:33',25.02904000,121.54336000,'復興南路二段144-3號前方','No.144-3, Sec. 2, Fuxing S. Rd.',21,1,'2020-12-30 20:59:22','2020-12-30 23:52:03'),
	(351,'中山青島路口','Zhongzheng Dist.',38,2,6,'2020-12-31 07:50:26',25.04469000,121.51954000,'中山南路 / 青島東路口東北側','Zhongshan S. Rd. / Qingdao E. Rd. intersection',35,1,'2020-12-30 20:59:22','2020-12-30 23:52:03'),
	(352,'民權迪化街口','Datong Dist.',46,21,9,'2020-12-31 07:50:17',25.06318000,121.50944000,'迪化街一段351號(東北側)(鄰近延三夜市(大橋頭夜市))','No.351, Sec. 1, Dihua St.',24,1,'2020-12-30 20:59:22','2020-12-30 23:52:03'),
	(353,'紀州庵','Zhongzheng Dist.',30,17,6,'2020-12-31 07:50:34',25.02088000,121.52049000,'水源路 / 同安街口 (東側)','No.107, Tong’an St.',13,1,'2020-12-30 20:59:22','2020-12-30 23:52:03'),
	(354,'建國濟南路口','Daan Dist.',28,2,2,'2020-12-31 07:50:28',25.04003300,121.53808400,'建國南路一段/濟南路三段口(東南側)','Sec. 1, Jianguo S. Rd. / Sec. 3, Jinan Rd. intersection',26,1,'2020-12-30 20:59:23','2020-12-30 23:52:03'),
	(355,'福山公園','Nangang Dist.',34,12,4,'2020-12-31 07:50:17',25.04478000,121.61759000,'研究院路二段61巷15號(東側)','No.15, Ln. 61, Sec. 2, Academia Rd.',21,1,'2020-12-30 20:59:24','2020-12-30 23:52:03'),
	(356,'臺北市網球中心','Neihu Dist.',32,16,10,'2020-12-31 07:50:20',25.06740000,121.59749000,'民權東路六段/民權東路六段210巷口(西南側)','Sec. 6, Minquan E. Rd. / Ln. 210, Sec. 6, Minquan E. Rd. intersection',16,1,'2020-12-30 20:59:25','2020-12-30 23:52:03'),
	(357,'松友公園','Xinyi Dist.',26,19,1,'2020-12-31 07:50:26',25.03423000,121.57636000,'信義路六段76巷2弄16號(南側)','No.16, Aly. 2, Ln. 76, Sec. 6, Xinyi Rd.',7,1,'2020-12-30 20:59:25','2020-12-30 23:52:03'),
	(358,'新明成功路口','Neihu Dist.',30,10,10,'2020-12-31 07:50:30',25.06058000,121.59110000,'新明路/成功路二段口(西南側)','Xinming Rd. / Sec. 2, Chenggong Rd. intersection',19,1,'2020-12-30 20:59:25','2020-12-30 23:52:03'),
	(359,'健安新城','Songshan Dist.',34,15,3,'2020-12-31 07:50:33',25.05601000,121.56358000,'三民路41號(東側)','No.41, Sanmin Rd. ',17,1,'2020-12-30 20:59:25','2020-12-30 23:52:03'),
	(360,'民權建國路口','Zhongshan Dist.',44,9,5,'2020-12-31 07:50:41',25.06252000,121.53754000,'民權東路三段/建國北路三段口(東北側)(鄰近建國假日花市)','Sec. 3, Minquan E. Rd. / Sec. 3, Jianguo N. Rd. intersection',35,1,'2020-12-30 20:59:25','2020-12-30 23:52:03'),
	(361,'振興醫院','Beitou Dist.',32,26,11,'2020-12-31 07:50:36',25.11770000,121.52220000,'振興街/明德路口(西北側)(鄰近國立臺北護理健康大學)','No.41, Zhenxing St. / No.41, Mingde Rd. intersection',4,1,'2020-12-30 20:59:26','2020-12-30 23:52:03'),
	(362,'和平金山路口','Daan Dist.',30,7,2,'2020-12-31 07:50:37',25.02672000,121.52533000,'和平東路一段 / 金山南路二段口(西南側)(鄰近臺灣師範大學)','Sec. 1, Heping E. Rd. / Sec. 2, Jinshan S. Rd. intersection',21,1,'2020-12-30 20:59:26','2020-12-30 23:52:03'),
	(363,'復興南路一段340巷口','Daan Dist.',32,9,2,'2020-12-31 07:50:17',25.03617000,121.54350000,'復興南路一段322號(東南側)','No.322, Sec. 1, Fuxing S. Rd.',23,1,'2020-12-30 20:59:26','2020-12-30 23:52:03'),
	(364,'嘉興公園','Daan Dist.',38,14,2,'2020-12-31 07:50:38',25.02109000,121.55219000,'樂業街101巷 / 樂業街口(北側側)','Ln. 101, Leye St. / Leye St. intersection',24,1,'2020-12-30 20:59:26','2020-12-30 23:52:03'),
	(365,'陽明大學','Beitou Dist.',50,37,11,'2020-12-31 07:50:34',25.11912000,121.51223000,'東華街二段136號(南側)','No.136, Sec. 2, Donghua St.',12,1,'2020-12-30 20:59:26','2020-12-30 23:52:03'),
	(366,'碧湖公園','Neihu Dist.',42,11,10,'2020-12-31 07:50:27',25.07988000,121.58287000,'內湖路二段/內湖路二段103巷口(東北側)(鄰近碧湖公園)','Sec. 2, Neihu Rd. / Ln. 103, Sec. 2, Neihu Rd. intersection',31,1,'2020-12-30 20:59:27','2020-12-30 23:52:03'),
	(367,'豐年公園','Beitou Dist.',30,14,11,'2020-12-31 07:50:23',25.13597000,121.49701900,'大業路539號(東側)','No.539, Daye Rd.',16,1,'2020-12-30 20:59:27','2020-12-30 23:52:03'),
	(368,'臺灣戲曲中心','Shilin Dist.',44,10,12,'2020-12-31 07:50:36',25.10208000,121.51979000,'文林路751號(南側)(鄰近臺灣戲曲中心)','No.751, Wenlin Rd.',34,1,'2020-12-30 20:59:27','2020-12-30 23:52:03'),
	(369,'世新大學','Wenshan Dist.',34,6,7,'2020-12-31 07:50:43',24.98862000,121.54361000,'木柵路一段17巷1號(西側)','No.1, Ln. 17, Sec. 1, Muzha Rd.',27,1,'2020-12-30 20:59:27','2020-12-30 23:52:03'),
	(370,'新和國小','Wanhua Dist.',32,17,8,'2020-12-31 07:50:34',25.02656000,121.50242000,'中華路二段416巷/萬大路277巷37弄口(東側)','Ln. 416, Sec. 2, Zhonghua Rd. / Aly. 37, Ln. 277, Wanda Rd. intersection',15,1,'2020-12-30 20:59:27','2020-12-30 23:52:03'),
	(371,'南門國中','Zhongzheng Dist.',38,4,6,'2020-12-31 07:50:40',25.03532000,121.50834000,'廣州街8巷/廣州街口(東南側)','Ln. 8, Guangzhou St. / Guangzhou St. intersection',34,1,'2020-12-30 20:59:28','2020-12-30 23:52:03'),
	(372,'重慶民族路口','Datong Dist.',26,15,9,'2020-12-31 07:50:29',25.06825000,121.51359000,'重慶北路三段154號(前方/東側)','No.154, Sec. 3, Chongqing N. Rd.',11,1,'2020-12-30 20:59:28','2020-12-30 23:52:03'),
	(373,'中崙福成宮','Songshan Dist.',32,19,3,'2020-12-31 07:50:44',25.04525000,121.54663500,'市民大道四段63號(鄰近微風廣場/黑松世界)','No.63, Sec. 4, Civic Blvd.',12,1,'2020-12-30 20:59:28','2020-12-30 23:52:03'),
	(374,'麗湖國小','Neihu Dist.',34,9,10,'2020-12-31 07:50:16',25.07332200,121.60222500,'金湖路363巷5號對側','No.5, Ln. 363, Jinhu Rd.',25,1,'2020-12-30 20:59:28','2020-12-30 23:52:03'),
	(375,'銘傳大學','Shilin Dist.',48,0,12,'2020-12-31 07:50:19',25.08771400,121.52676600,'中山北路五段250號(銘傳大學對側)(鄰近銘傳大學/士林夜市)','No.250, Sec. 5, Zhongshan N. Rd.',48,1,'2020-12-30 20:59:28','2020-12-30 23:52:03'),
	(376,'民生建國路口','Zhongshan Dist.',36,4,5,'2020-12-31 07:50:17',25.05777800,121.53691500,'民生東路三段 / 建國北路二段口','Sec. 3, Minsheng E. Rd. / Sec. 2, Jianguo N. Rd.',31,1,'2020-12-30 20:59:29','2020-12-30 23:52:03'),
	(377,'南港路二段178巷口','Nangang Dist.',30,13,4,'2020-12-31 07:50:37',25.05367500,121.59969300,'南港路二段 / 南港路二段178巷口(北側)','No.146, Sec. 2, Nangang Rd.',17,1,'2020-12-30 20:59:29','2020-12-30 23:52:03'),
	(378,'陽光街321巷口','Neihu Dist.',42,0,10,'2020-12-22 00:17:27',25.07319300,121.57869100,'陽光街321巷 / 陽光街口(南側)','Ln. 321, Yangguang St. / Yangguang St.',0,0,'2020-12-30 20:59:29','2020-12-30 23:52:03'),
	(379,'春光公園','Xinyi Dist.',38,18,1,'2020-12-31 07:50:31',25.04261900,121.58076200,'忠孝東路五段721號(對側)','No.721, Sec. 5, Zhongxiao E. Rd.',20,1,'2020-12-30 20:59:29','2020-12-30 23:52:03'),
	(380,'塔悠疏散門','Songshan Dist.',30,10,3,'2020-12-31 07:50:42',25.06471300,121.56789900,'塔悠路 / 撫遠街389巷口(南側)','Tayou Rd. / Ln. 389, Fuyuan St.',20,1,'2020-12-30 20:59:29','2020-12-30 23:52:03'),
	(381,'民權東路六段15巷','Neihu Dist.',30,5,10,'2020-12-31 07:50:42',25.06853000,121.57812500,'民權東路六段15巷35號','No.35, Ln. 15, Sec. 6, Minquan E. Rd.',24,1,'2020-12-30 20:59:30','2020-12-30 23:52:03'),
	(382,'聯合醫院和平院區','Zhongzheng Dist.',42,11,6,'2020-12-31 07:50:39',25.03516000,121.50639000,'中華路二段33號(南側)','No.33, Sec. 2, Zhonghua Rd.',31,1,'2020-12-30 20:59:30','2020-12-30 23:52:03'),
	(383,'一壽橋','Wenshan Dist.',26,12,7,'2020-12-31 07:50:17',24.97848000,121.55545000,'樟新街64號前方','No.64, Zhangxin St.',14,1,'2020-12-30 20:59:30','2020-12-30 23:52:03'),
	(384,'松基公園','Songshan Dist.',30,6,3,'2020-12-31 07:50:20',25.05491000,121.54480000,'長春路339巷 / 復興北路189巷口','Ln. 339, Changchun Rd. / Ln. 189, Fuxing N. Rd. intersection',23,1,'2020-12-30 20:59:30','2020-12-30 23:52:03'),
	(385,'和興路26巷口','Wenshan Dist.',40,17,7,'2020-12-31 07:50:35',24.98560000,121.54531000,'和興路44巷 / 和興路26巷口','Ln. 44, Hexing Rd. / Ln. 26, Hexing Rd. intersection',23,1,'2020-12-30 20:59:30','2020-12-30 23:52:03'),
	(386,'錦州吉林路口','Zhongshan Dist.',30,7,5,'2020-12-31 07:50:20',25.06029000,121.52981000,'錦州街162號前方','No.162, Jinzhou St.',23,1,'2020-12-30 20:59:31','2020-12-30 23:52:03'),
	(387,'吳興街260巷','Xinyi Dist.',32,30,1,'2020-12-31 07:50:35',25.02610000,121.56316000,'吳興街260巷 / 吳興街260巷19弄口(鄰近台北醫學大學)','Ln. 260, Wuxing St. / Aly. 19, Ln. 260, Wuxing St.',1,1,'2020-12-30 20:59:31','2020-12-30 23:52:03'),
	(388,'景華街128巷口','Wenshan Dist.',24,9,7,'2020-12-31 07:50:24',24.99556300,121.54709200,'景華街126號前方','No.126, Jinghua St.',15,1,'2020-12-30 20:59:31','2020-12-30 23:52:03'),
	(389,'福德國小','Xinyi Dist.',30,18,1,'2020-12-31 07:50:26',25.03832400,121.58624500,'福德街251巷2號(對面/東側)','No.2, Ln. 251, Fude St.',11,1,'2020-12-30 20:59:31','2020-12-30 23:52:03'),
	(390,'稻香重三路口','Beitou Dist.',34,20,11,'2020-12-31 07:50:19',25.13993700,121.48959400,'稻香路 / 稻香路43巷口(西北側)','Daoxiang Rd. / Ln. 43, Daoxiang Rd.',14,1,'2020-12-30 20:59:32','2020-12-30 23:52:03'),
	(391,'景仁公園','Wenshan Dist.',30,13,7,'2020-12-31 07:50:15',24.99660000,121.54029500,'景仁街 / 羅斯福路六段142巷口(北側)','Jingren St. / Ln. 142, Sec. 6, Roosevelt Rd.',17,1,'2020-12-30 20:59:32','2020-12-30 23:52:03'),
	(392,'南京東興路口','Songshan Dist.',30,7,3,'2020-12-31 07:50:40',25.05148900,121.56534700,'南京東路五段 / 東興路口(北側)','Sec. 5, Nanjing E. Rd. / Dongxing Rd.',23,1,'2020-12-30 20:59:32','2020-12-30 23:52:03'),
	(393,'內溝溪生態展示館','Neihu Dist.',24,10,10,'2020-12-31 07:50:39',25.08721700,121.62306200,'康樂街236之3號(西北側)','No.236-3, Kangle St.',14,1,'2020-12-30 20:59:32','2020-12-30 23:52:03'),
	(394,'松德虎林街口','Xinyi Dist.',32,5,1,'2020-12-31 07:50:37',25.03835200,121.57624800,'松德路71號前方','No.71, Songde Rd.',26,1,'2020-12-30 20:59:32','2020-12-30 23:52:03'),
	(395,'安強公園','Xinyi Dist.',28,22,1,'2020-12-31 07:50:28',25.03684400,121.57541300,'虎林街212巷58號(西南側)','No.58, Ln. 212, Hulin St.',5,1,'2020-12-30 20:59:33','2020-12-30 23:52:03'),
	(396,'新東街51巷口','Songshan Dist.',28,20,3,'2020-12-31 07:50:17',25.06150100,121.56331800,'三民路 / 新東街51巷口(東側)(鄰近松山親子館)','Sanmin Rd. / Ln. 51, Xindong St. intersection',8,1,'2020-12-30 20:59:33','2020-12-30 23:52:03'),
	(397,'劍潭海外青年活動中心','Shilin Dist.',36,17,12,'2020-12-31 07:50:39',25.07960300,121.52370000,'通河街 / 通河街2巷(南側)(鄰近圓山大飯店/劍潭公園)(鄰近芝山岩/芝山巖惠濟宮/芝山文化生態綠園)','Tonghe St. / Ln. 2, Tonghe St. intersection',16,1,'2020-12-30 20:59:33','2020-12-30 23:52:03'),
	(398,'聯合醫院陽明院區','Shilin Dist.',30,8,12,'2020-12-31 07:49:27',25.10454600,121.53194900,'雨聲街105號(南側)','No.105, Yusheng St.',22,1,'2020-12-30 20:59:33','2020-12-30 23:52:03'),
	(399,'和平龍泉街口','Daan Dist.',34,18,2,'2020-12-31 07:50:33',25.02640400,121.52946000,'和平東路一段178號(前側)(鄰近臺灣師範大學)','No.178, Sec. 1, Heping E. Rd.',16,1,'2020-12-30 20:59:33','2020-12-30 23:52:03'),
	(400,'和平敦化路口','Daan Dist.',34,7,2,'2020-12-31 07:50:44',25.02444000,121.54907600,'和平東路三段 / 敦化南路二段口(東側)','Sec. 3, Heping E. Rd. / Sec. 2, Dunhua S. Rd. intersection',26,1,'2020-12-30 20:59:34','2020-12-30 23:52:03'),
	(401,'南京新生路口','Zhongshan Dist.',34,25,5,'2020-12-31 07:50:43',25.05194400,121.52766100,'新生北路一段 / 南京東路一段口(橋墩下方)(鄰近林森公園/康樂公園)','Sec. 1, Xinsheng N. Rd. / Sec. 1, Nanjing E. Rd.',9,1,'2020-12-30 20:59:34','2020-12-30 23:52:03'),
	(402,'下灣公園','Neihu Dist.',28,10,10,'2020-12-31 07:50:28',25.06515900,121.59561100,'民權東路六段206巷 / 民權東路六段190巷75弄口','Ln. 206, Sec. 6, Minquan E. Rd. / Aly. 75, Ln. 190, Sec. 6, Minquan E. Rd.',18,1,'2020-12-30 20:59:34','2020-12-30 23:52:03'),
	(403,'捷運內湖站(1號出口)','Neihu Dist.',28,6,10,'2020-12-31 07:50:31',25.08386800,121.59392900,'成功路四段182巷 / 成功路四段182巷6弄口(東南側)','Ln. 182, Sec. 4, Chenggong Rd. / Aly. 6, Ln. 182, Sec. 4, Chenggong Rd.',21,1,'2020-12-30 20:59:34','2020-12-30 23:52:03'),
	(404,'民族延平路口','Datong Dist.',30,18,9,'2020-12-31 07:50:20',25.06865300,121.51056900,'民族西路 310 號前方','No.310, Minzu W. Rd.',11,1,'2020-12-30 20:59:34','2020-12-30 23:52:03');

/*!40000 ALTER TABLE `YouBikes` ENABLE KEYS */;
UNLOCK TABLES;



/*!40111 SET SQL_NOTES=@OLD_SQL_NOTES */;
/*!40101 SET SQL_MODE=@OLD_SQL_MODE */;
/*!40014 SET FOREIGN_KEY_CHECKS=@OLD_FOREIGN_KEY_CHECKS */;
/*!40101 SET CHARACTER_SET_CLIENT=@OLD_CHARACTER_SET_CLIENT */;
/*!40101 SET CHARACTER_SET_RESULTS=@OLD_CHARACTER_SET_RESULTS */;
/*!40101 SET COLLATION_CONNECTION=@OLD_COLLATION_CONNECTION */;
